name,n_crossings,n_components,n_s_total,perm_candidates_closed,fully_generic_sign_diagrams,ratio_candidates_over_full,log2_ratio_candidates_over_full,seconds,error
10_100,10,1,20,73,1048576,6.961822509765625e-05,-13.810175441119982,0.15886998176574707,
10_104,10,1,20,73,1048576,6.961822509765625e-05,-13.810175441119982,0.002400636672973633,
10_105,12,1,24,95,16777216,5.662441253662109e-06,-17.430144391669053,0.00862574577331543,
10_106,10,1,20,74,1048576,7.05718994140625e-05,-13.79054663437105,0.0035314559936523438,
10_107,12,1,24,98,16777216,5.841255187988281e-06,-17.385290155884793,0.016254663467407227,
10_109,10,1,20,74,1048576,7.05718994140625e-05,-13.79054663437105,0.003766775131225586,
10_110,12,1,24,96,16777216,5.7220458984375e-06,-17.415037499278846,0.01732039451599121,
10_112,10,1,20,70,1048576,6.67572021484375e-05,-13.870716983055033,0.002580881118774414,
10_115,12,1,24,98,16777216,5.841255187988281e-06,-17.385290155884793,0.00493931770324707,
10_116,10,1,20,67,1048576,6.389617919921875e-05,-13.933910809542228,0.002404928207397461,
10_118,10,1,20,68,1048576,6.4849853515625e-05,-13.912537158749661,0.0035429000854492188,
10_123,10,1,20,65,1048576,6.198883056640625e-05,-13.977632186971546,0.003413677215576172,
10_124,10,1,20,68,1048576,6.4849853515625e-05,-13.912537158749661,0.0032634735107421875,
10_125,10,1,20,50,1048576,4.76837158203125e-05,-14.356143810225277,0.0019729137420654297,
10_126,10,1,20,62,1048576,5.91278076171875e-05,-14.045803689613125,0.0022940635681152344,
10_127,10,1,20,58,1048576,5.53131103515625e-05,-14.142019004872427,0.0035572052001953125,
10_132,11,1,22,54,4194304,1.2874603271484375e-05,-16.24511249783653,0.0065271854400634766,
10_133,11,1,22,75,4194304,1.7881393432617188e-05,-15.771181309504119,0.00574040412902832,
10_136,11,1,22,62,4194304,1.4781951904296875e-05,-16.045803689613123,0.0051801204681396484,
10_137,10,1,20,55,1048576,5.245208740234375e-05,-14.21864028647534,0.002247333526611328,
10_138,10,1,20,61,1048576,5.817413330078125e-05,-14.069262662437113,0.0024704933166503906,
10_139,10,1,20,60,1048576,5.7220458984375e-05,-14.09310940439148,0.0035104751586914062,
10_140,11,1,22,56,4194304,1.33514404296875e-05,-16.192645077942394,0.006944894790649414,
10_141,10,1,20,52,1048576,4.9591064453125e-05,-14.29956028185891,0.005472898483276367,
10_143,10,1,20,54,1048576,5.14984130859375e-05,-14.245112497836532,0.002566814422607422,
10_145,11,1,22,53,4194304,1.2636184692382812e-05,-16.272079545436803,0.003227710723876953,
10_148,10,1,20,54,1048576,5.14984130859375e-05,-14.245112497836532,0.002742767333984375,
10_149,10,1,20,53,1048576,5.054473876953125e-05,-14.272079545436801,0.0022039413452148438,
10_150,11,1,22,67,4194304,1.5974044799804688e-05,-15.933910809542228,0.0013675689697265625,
10_151,11,1,22,67,4194304,1.5974044799804688e-05,-15.933910809542228,0.0018351078033447266,
10_152,10,1,20,56,1048576,5.340576171875e-05,-14.192645077942396,0.0037605762481689453,
10_153,11,1,22,83,4194304,1.9788742065429688e-05,-15.624960568653076,0.004387855529785156,
10_154,11,1,22,58,4194304,1.3828277587890625e-05,-16.142019004872427,0.007549762725830078,
10_155,10,1,20,48,1048576,4.57763671875e-05,-14.415037499278844,0.001321554183959961,
10_156,11,1,22,71,4194304,1.6927719116210938e-05,-15.850252880495319,0.00436711311340332,
10_157,10,1,20,48,1048576,4.57763671875e-05,-14.415037499278844,0.002471446990966797,
10_158,11,1,22,72,4194304,1.71661376953125e-05,-15.830074998557688,0.004044771194458008,
10_159,10,1,20,52,1048576,4.9591064453125e-05,-14.29956028185891,0.0024929046630859375,
10_160,11,1,22,72,4194304,1.71661376953125e-05,-15.830074998557688,0.003726959228515625,
10_161,10,1,20,50,1048576,4.76837158203125e-05,-14.356143810225277,0.0021424293518066406,
10_163,11,1,22,72,4194304,1.71661376953125e-05,-15.830074998557688,0.0032248497009277344,
10_17,10,1,20,85,1048576,8.106231689453125e-05,-13.5906090638623,0.0033855438232421875,
10_2,10,1,20,101,1048576,9.632110595703125e-05,-13.341788517248204,0.002514362335205078,
10_29,10,1,20,80,1048576,7.62939453125e-05,-13.678071905112638,0.002916574478149414,
10_41,10,1,20,81,1048576,7.724761962890625e-05,-13.660149997115376,0.0020940303802490234,
10_42,10,1,20,78,1048576,7.43865966796875e-05,-13.714597781137751,0.0028984546661376953,
10_43,10,1,20,77,1048576,7.343292236328125e-05,-13.733213459305098,0.0034503936767578125,
10_44,10,1,20,76,1048576,7.2479248046875e-05,-13.752072486556415,0.0028312206268310547,
10_45,10,1,20,76,1048576,7.2479248046875e-05,-13.752072486556415,0.0027954578399658203,
10_46,10,1,20,89,1048576,8.487701416015625e-05,-13.524266569033603,0.0021669864654541016,
10_47,10,1,20,89,1048576,8.487701416015625e-05,-13.524266569033603,0.0026259422302246094,
10_48,10,1,20,81,1048576,7.724761962890625e-05,-13.660149997115376,0.0026938915252685547,
10_5,10,1,20,94,1048576,8.96453857421875e-05,-13.445411148322362,0.0019214153289794922,
10_59,10,1,20,82,1048576,7.82012939453125e-05,-13.642447995381916,0.001966238021850586,
10_60,12,1,24,90,16777216,5.364418029785156e-06,-17.508146903670326,0.008979082107543945,
10_62,10,1,20,86,1048576,8.20159912109375e-05,-13.573735245297902,0.002247333526611328,
10_64,10,1,20,78,1048576,7.43865966796875e-05,-13.714597781137751,0.0030460357666015625,
10_69,12,1,24,96,16777216,5.7220458984375e-06,-17.415037499278846,0.0035479068756103516,
10_70,10,1,20,85,1048576,8.106231689453125e-05,-13.5906090638623,0.0028629302978515625,
10_71,10,1,20,83,1048576,7.915496826171875e-05,-13.624960568653076,0.002122640609741211,
10_73,12,1,24,98,16777216,5.841255187988281e-06,-17.385290155884793,0.005745410919189453,
10_75,12,1,24,96,16777216,5.7220458984375e-06,-17.415037499278846,0.005042076110839844,
10_78,12,1,24,102,16777216,6.079673767089844e-06,-17.327574658028503,0.013737916946411133,
10_79,10,1,20,81,1048576,7.724761962890625e-05,-13.660149997115376,0.0033507347106933594,
10_81,12,1,24,103,16777216,6.139278411865234e-06,-17.31349947281678,0.004317045211791992,
10_82,10,1,20,76,1048576,7.2479248046875e-05,-13.752072486556415,0.0037093162536621094,
10_85,10,1,20,76,1048576,7.2479248046875e-05,-13.752072486556415,0.002600431442260742,
10_88,10,1,20,73,1048576,6.961822509765625e-05,-13.810175441119982,0.0027573108673095703,
10_89,12,1,24,92,16777216,5.4836273193359375e-06,-17.476438043942988,0.0023119449615478516,
10_9,10,1,20,86,1048576,8.20159912109375e-05,-13.573735245297902,0.0030286312103271484,
10_91,10,1,20,73,1048576,6.961822509765625e-05,-13.810175441119982,0.0026509761810302734,
10_94,10,1,20,73,1048576,6.961822509765625e-05,-13.810175441119982,0.002499103546142578,
10_96,12,1,24,92,16777216,5.4836273193359375e-06,-17.476438043942988,0.005204200744628906,
10_99,10,1,20,72,1048576,6.866455078125e-05,-13.830074998557688,0.003477811813354492,
11a_106,11,1,22,119,4194304,2.8371810913085938e-05,-15.105182236692055,0.0072994232177734375,
11a_108,11,1,22,118,4194304,2.8133392333984375e-05,-15.117356950638158,0.00653076171875,
11a_109,11,1,22,112,4194304,2.6702880859375e-05,-15.192645077942396,0.007243156433105469,
11a_112,11,1,22,107,4194304,2.5510787963867188e-05,-15.258533013598854,0.005315065383911133,
11a_113,11,1,22,111,4194304,2.6464462280273438e-05,-15.205584133649893,0.0040056705474853516,
11a_121,11,1,22,117,4194304,2.7894973754882812e-05,-15.129635280416595,0.003906726837158203,
11a_125,11,1,22,97,4194304,2.3126602172851562e-05,-15.400087157812873,0.00466609001159668,
11a_126,11,1,22,105,4194304,2.5033950805664062e-05,-15.285754482333878,0.005314350128173828,
11a_127,11,1,22,101,4194304,2.4080276489257812e-05,-15.341788517248204,0.006259441375732422,
11a_128,13,1,26,143,67108864,2.130866050720215e-06,-18.840128663221613,0.005816459655761719,
11a_129,11,1,22,105,4194304,2.5033950805664062e-05,-15.285754482333878,0.002959728240966797,
11a_131,11,1,22,109,4194304,2.5987625122070312e-05,-15.231815675223075,0.005014896392822266,
11a_139,11,1,22,112,4194304,2.6702880859375e-05,-15.192645077942396,0.00697779655456543,
11a_14,11,1,22,113,4194304,2.6941299438476562e-05,-15.179821037584812,0.004960298538208008,
11a_142,11,1,22,133,4194304,3.170967102050781e-05,-14.94471756449881,0.004370450973510742,
11a_146,11,1,22,108,4194304,2.574920654296875e-05,-15.245112497836532,0.004441022872924805,
11a_147,11,1,22,102,4194304,2.4318695068359375e-05,-15.327574658028505,0.005576133728027344,
11a_15,11,1,22,114,4194304,2.7179718017578125e-05,-15.167109985835259,0.005979061126708984,
11a_151,11,1,22,105,4194304,2.5033950805664062e-05,-15.285754482333878,0.0035088062286376953,
11a_156,11,1,22,121,4194304,2.8848648071289062e-05,-15.081136762725405,0.0046613216400146484,
11a_157,11,1,22,106,4194304,2.5272369384765625e-05,-15.272079545436801,0.00442051887512207,
11a_158,11,1,22,107,4194304,2.5510787963867188e-05,-15.258533013598854,0.006792306900024414,
11a_159,11,1,22,117,4194304,2.7894973754882812e-05,-15.129635280416595,0.005826711654663086,
11a_160,11,1,22,103,4194304,2.4557113647460938e-05,-15.313499472816781,0.006344318389892578,
11a_162,11,1,22,97,4194304,2.3126602172851562e-05,-15.400087157812873,0.003049135208129883,
11a_163,11,1,22,107,4194304,2.5510787963867188e-05,-15.258533013598854,0.004361867904663086,
11a_164,11,1,22,97,4194304,2.3126602172851562e-05,-15.400087157812873,0.004202604293823242,
11a_17,13,1,26,161,67108864,2.3990869522094727e-06,-18.669083121885382,0.019730329513549805,
11a_170,11,1,22,93,4194304,2.2172927856445312e-05,-15.460841188891969,0.005860328674316406,
11a_171,11,1,22,96,4194304,2.288818359375e-05,-15.415037499278844,0.006070137023925781,
11a_174,11,1,22,125,4194304,2.9802322387695312e-05,-15.034215715337913,0.00731658935546875,
11a_175,11,1,22,117,4194304,2.7894973754882812e-05,-15.129635280416595,0.007226228713989258,
11a_176,11,1,22,111,4194304,2.6464462280273438e-05,-15.205584133649893,0.006798267364501953,
11a_177,11,1,22,113,4194304,2.6941299438476562e-05,-15.179821037584812,0.006426811218261719,
11a_179,11,1,22,134,4194304,3.1948089599609375e-05,-14.933910809542228,0.005269050598144531,
11a_180,11,1,22,117,4194304,2.7894973754882812e-05,-15.129635280416595,0.004752397537231445,
11a_182,11,1,22,123,4194304,2.9325485229492188e-05,-15.05748549466076,0.004063606262207031,
11a_184,11,1,22,118,4194304,2.8133392333984375e-05,-15.117356950638158,0.004425525665283203,
11a_189,11,1,22,103,4194304,2.4557113647460938e-05,-15.313499472816781,0.004220247268676758,
11a_19,11,1,22,104,4194304,2.47955322265625e-05,-15.29956028185891,0.004779338836669922,
11a_194,11,1,22,112,4194304,2.6702880859375e-05,-15.192645077942396,0.0038187503814697266,
11a_196,11,1,22,102,4194304,2.4318695068359375e-05,-15.327574658028505,0.003920078277587891,
11a_203,11,1,22,121,4194304,2.8848648071289062e-05,-15.081136762725405,0.005713701248168945,
11a_206,11,1,22,139,4194304,3.314018249511719e-05,-14.881058927276491,0.003598928451538086,
11a_209,15,1,30,212,1073741824,1.9744038581848145e-07,-22.272079545436803,0.01702094078063965,
11a_215,11,1,22,102,4194304,2.4318695068359375e-05,-15.327574658028505,0.0051975250244140625,
11a_216,11,1,22,102,4194304,2.4318695068359375e-05,-15.327574658028505,0.005953311920166016,
11a_217,11,1,22,107,4194304,2.5510787963867188e-05,-15.258533013598854,0.0038290023803710938,
11a_218,13,1,26,142,67108864,2.115964889526367e-06,-18.85025288049532,0.01759481430053711,
11a_22,11,1,22,118,4194304,2.8133392333984375e-05,-15.117356950638158,0.0042498111724853516,
11a_221,11,1,22,121,4194304,2.8848648071289062e-05,-15.081136762725405,0.003531217575073242,
11a_223,11,1,22,114,4194304,2.7179718017578125e-05,-15.167109985835259,0.005273580551147461,
11a_228,13,1,26,140,67108864,2.086162567138672e-06,-18.870716983055033,0.015570402145385742,
11a_231,11,1,22,118,4194304,2.8133392333984375e-05,-15.117356950638158,0.0045549869537353516,
11a_232,11,1,22,106,4194304,2.5272369384765625e-05,-15.272079545436801,0.006859540939331055,
11a_233,11,1,22,97,4194304,2.3126602172851562e-05,-15.400087157812873,0.006432294845581055,
11a_239,11,1,22,93,4194304,2.2172927856445312e-05,-15.460841188891969,0.006442546844482422,
11a_24,13,1,26,126,67108864,1.8775463104248047e-06,-19.022720076500082,0.018213987350463867,
11a_248,11,1,22,96,4194304,2.288818359375e-05,-15.415037499278844,0.0034456253051757812,
11a_25,13,1,26,126,67108864,1.8775463104248047e-06,-19.022720076500082,0.0176544189453125,
11a_250,11,1,22,113,4194304,2.6941299438476562e-05,-15.179821037584812,0.004029989242553711,
11a_251,13,1,26,142,67108864,2.115964889526367e-06,-18.85025288049532,0.006244659423828125,
11a_252,11,1,22,104,4194304,2.47955322265625e-05,-15.29956028185891,0.0028502941131591797,
11a_253,11,1,22,104,4194304,2.47955322265625e-05,-15.29956028185891,0.0035257339477539062,
11a_254,13,1,26,142,67108864,2.115964889526367e-06,-18.85025288049532,0.005915403366088867,
11a_255,11,1,22,97,4194304,2.3126602172851562e-05,-15.400087157812873,0.003223419189453125,
11a_257,11,1,22,112,4194304,2.6702880859375e-05,-15.192645077942396,0.003915071487426758,
11a_259,11,1,22,113,4194304,2.6941299438476562e-05,-15.179821037584812,0.005758523941040039,
11a_26,11,1,22,104,4194304,2.47955322265625e-05,-15.29956028185891,0.004700660705566406,
11a_261,11,1,22,100,4194304,2.384185791015625e-05,-15.356143810225277,0.003848552703857422,
11a_264,11,1,22,100,4194304,2.384185791015625e-05,-15.356143810225277,0.004848003387451172,
11a_266,11,1,22,88,4194304,2.09808349609375e-05,-15.540568381362704,0.003546476364135742,
11a_267,11,1,22,90,4194304,2.1457672119140625e-05,-15.508146903670326,0.0043871402740478516,
11a_268,11,1,22,97,4194304,2.3126602172851562e-05,-15.400087157812873,0.0042345523834228516,
11a_269,11,1,22,94,4194304,2.2411346435546875e-05,-15.445411148322362,0.004207611083984375,
11a_274,11,1,22,98,4194304,2.3365020751953125e-05,-15.385290155884793,0.003859996795654297,
11a_277,11,1,22,102,4194304,2.4318695068359375e-05,-15.327574658028505,0.004487276077270508,
11a_28,11,1,22,107,4194304,2.5510787963867188e-05,-15.258533013598854,0.004950523376464844,
11a_281,11,1,22,98,4194304,2.3365020751953125e-05,-15.385290155884793,0.0037224292755126953,
11a_282,11,1,22,101,4194304,2.4080276489257812e-05,-15.341788517248204,0.005973339080810547,
11a_284,11,1,22,94,4194304,2.2411346435546875e-05,-15.445411148322362,0.005455970764160156,
11a_286,11,1,22,98,4194304,2.3365020751953125e-05,-15.385290155884793,0.004681110382080078,
11a_287,11,1,22,94,4194304,2.2411346435546875e-05,-15.445411148322362,0.003440380096435547,
11a_288,11,1,22,90,4194304,2.1457672119140625e-05,-15.508146903670326,0.0062177181243896484,
11a_289,11,1,22,100,4194304,2.384185791015625e-05,-15.356143810225277,0.005928516387939453,
11a_293,11,1,22,112,4194304,2.6702880859375e-05,-15.192645077942396,0.004172801971435547,
11a_3,11,1,22,116,4194304,2.765655517578125e-05,-15.142019004872427,0.0032694339752197266,
11a_300,11,1,22,98,4194304,2.3365020751953125e-05,-15.385290155884793,0.005024909973144531,
11a_301,11,1,22,90,4194304,2.1457672119140625e-05,-15.508146903670326,0.0035266876220703125,
11a_302,11,1,22,93,4194304,2.2172927856445312e-05,-15.460841188891969,0.0034334659576416016,
11a_305,11,1,22,100,4194304,2.384185791015625e-05,-15.356143810225277,0.005795955657958984,
11a_306,11,1,22,108,4194304,2.574920654296875e-05,-15.245112497836532,0.0045833587646484375,
11a_308,11,1,22,115,4194304,2.7418136596679688e-05,-15.154509949055626,0.006159543991088867,
11a_314,11,1,22,96,4194304,2.288818359375e-05,-15.415037499278844,0.0052051544189453125,
11a_315,11,1,22,98,4194304,2.3365020751953125e-05,-15.385290155884793,0.005590677261352539,
11a_316,11,1,22,102,4194304,2.4318695068359375e-05,-15.327574658028505,0.005261898040771484,
11a_326,11,1,22,93,4194304,2.2172927856445312e-05,-15.460841188891969,0.004867076873779297,
11a_33,11,1,22,121,4194304,2.8848648071289062e-05,-15.081136762725405,0.005421876907348633,
11a_330,11,1,22,109,4194304,2.5987625122070312e-05,-15.231815675223075,0.0045318603515625,
11a_332,11,1,22,96,4194304,2.288818359375e-05,-15.415037499278844,0.004735469818115234,
11a_34,11,1,22,111,4194304,2.6464462280273438e-05,-15.205584133649893,0.0056874752044677734,
11a_346,11,1,22,106,4194304,2.5272369384765625e-05,-15.272079545436801,0.004030704498291016,
11a_348,11,1,22,93,4194304,2.2172927856445312e-05,-15.460841188891969,0.004782199859619141,
11a_35,11,1,22,115,4194304,2.7418136596679688e-05,-15.154509949055626,0.005538463592529297,
11a_350,11,1,22,90,4194304,2.1457672119140625e-05,-15.508146903670326,0.004840850830078125,
11a_351,11,1,22,93,4194304,2.2172927856445312e-05,-15.460841188891969,0.006447315216064453,
11a_367,11,1,22,201,4194304,4.792213439941406e-05,-14.348948308821072,0.0071184635162353516,
11a_40,11,1,22,119,4194304,2.8371810913085938e-05,-15.105182236692055,0.005401134490966797,
11a_42,13,1,26,154,67108864,2.294778823852539e-06,-18.733213459305098,0.02579021453857422,
11a_44,13,1,26,138,67108864,2.0563602447509766e-06,-18.89147554322183,0.04215359687805176,
11a_47,11,1,22,118,4194304,2.8133392333984375e-05,-15.117356950638158,0.006072521209716797,
11a_5,13,1,26,149,67108864,2.2202730178833008e-06,-18.780831479537838,0.019466161727905273,
11a_51,11,1,22,125,4194304,2.9802322387695312e-05,-15.034215715337913,0.0028760433197021484,
11a_53,11,1,22,113,4194304,2.6941299438476562e-05,-15.179821037584812,0.0050160884857177734,
11a_55,11,1,22,129,4194304,3.075599670410156e-05,-14.988772744576746,0.004564523696899414,
11a_57,13,1,26,154,67108864,2.294778823852539e-06,-18.733213459305098,0.0326235294342041,
11a_62,11,1,22,137,4194304,3.266334533691406e-05,-14.901967917039475,0.004784822463989258,
11a_66,11,1,22,109,4194304,2.5987625122070312e-05,-15.231815675223075,0.004057168960571289,
11a_68,11,1,22,111,4194304,2.6464462280273438e-05,-15.205584133649893,0.003690958023071289,
11a_7,11,1,22,117,4194304,2.7894973754882812e-05,-15.129635280416595,0.004889726638793945,
11a_71,11,1,22,100,4194304,2.384185791015625e-05,-15.356143810225277,0.005955934524536133,
11a_72,11,1,22,100,4194304,2.384185791015625e-05,-15.356143810225277,0.0061550140380859375,
11a_73,11,1,22,97,4194304,2.3126602172851562e-05,-15.400087157812873,0.00439453125,
11a_74,11,1,22,121,4194304,2.8848648071289062e-05,-15.081136762725405,0.004279375076293945,
11a_76,11,1,22,102,4194304,2.4318695068359375e-05,-15.327574658028505,0.004148244857788086,
11a_79,11,1,22,102,4194304,2.4318695068359375e-05,-15.327574658028505,0.0037479400634765625,
11a_80,11,1,22,104,4194304,2.47955322265625e-05,-15.29956028185891,0.004049062728881836,
11a_81,11,1,22,104,4194304,2.47955322265625e-05,-15.29956028185891,0.004389762878417969,
11a_82,11,1,22,116,4194304,2.765655517578125e-05,-15.142019004872427,0.005805015563964844,
11a_83,11,1,22,109,4194304,2.5987625122070312e-05,-15.231815675223075,0.005460023880004883,
11a_86,11,1,22,119,4194304,2.8371810913085938e-05,-15.105182236692055,0.004718303680419922,
11a_88,11,1,22,111,4194304,2.6464462280273438e-05,-15.205584133649893,0.00445556640625,
11a_9,11,1,22,125,4194304,2.9802322387695312e-05,-15.034215715337913,0.0034973621368408203,
11a_92,11,1,22,114,4194304,2.7179718017578125e-05,-15.167109985835259,0.004032135009765625,
11a_96,11,1,22,115,4194304,2.7418136596679688e-05,-15.154509949055626,0.0039365291595458984,
11a_99,11,1,22,102,4194304,2.4318695068359375e-05,-15.327574658028505,0.004215717315673828,
11n_1,12,1,24,78,16777216,4.649162292480469e-06,-17.71459778113775,0.003938198089599609,
11n_10,11,1,22,80,4194304,1.9073486328125e-05,-15.678071905112638,0.0067713260650634766,
11n_102,12,1,24,82,16777216,4.887580871582031e-06,-17.642447995381914,0.005362749099731445,
11n_103,13,1,26,107,67108864,1.5944242477416992e-06,-19.258533013598854,0.026102542877197266,
11n_104,11,1,22,80,4194304,1.9073486328125e-05,-15.678071905112638,0.00583338737487793,
11n_105,11,1,22,70,4194304,1.6689300537109375e-05,-15.870716983055033,0.013469696044921875,
11n_106,11,1,22,74,4194304,1.7642974853515625e-05,-15.79054663437105,0.006087303161621094,
11n_107,11,1,22,90,4194304,2.1457672119140625e-05,-15.508146903670326,0.0060443878173828125,
11n_108,11,1,22,74,4194304,1.7642974853515625e-05,-15.79054663437105,0.0076334476470947266,
11n_109,11,1,22,78,4194304,1.8596649169921875e-05,-15.714597781137751,0.003988981246948242,
11n_11,11,1,22,79,4194304,1.8835067749023438e-05,-15.696219251822896,0.008898258209228516,
11n_110,11,1,22,74,4194304,1.7642974853515625e-05,-15.79054663437105,0.007750034332275391,
11n_111,11,1,22,79,4194304,1.8835067749023438e-05,-15.696219251822896,0.004297971725463867,
11n_112,11,1,22,68,4194304,1.621246337890625e-05,-15.912537158749661,0.0028121471405029297,
11n_113,12,1,24,103,16777216,6.139278411865234e-06,-17.31349947281678,0.008211135864257812,
11n_115,12,1,24,91,16777216,5.424022674560547e-06,-17.492205359801304,0.009667396545410156,
11n_116,12,1,24,82,16777216,4.887580871582031e-06,-17.642447995381914,0.014431476593017578,
11n_118,11,1,22,64,4194304,1.52587890625e-05,-16.0,0.0039098262786865234,
11n_119,11,1,22,82,4194304,1.9550323486328125e-05,-15.642447995381916,0.0038220882415771484,
11n_12,11,1,22,64,4194304,1.52587890625e-05,-16.0,0.003370046615600586,
11n_120,11,1,22,80,4194304,1.9073486328125e-05,-15.678071905112638,0.0035409927368164062,
11n_121,12,1,24,110,16777216,6.556510925292969e-06,-17.218640286475342,0.011207103729248047,
11n_124,12,1,24,89,16777216,5.304813385009766e-06,-17.524266569033603,0.004752635955810547,
11n_125,11,1,22,68,4194304,1.621246337890625e-05,-15.912537158749661,0.0034949779510498047,
11n_127,11,1,22,71,4194304,1.6927719116210938e-05,-15.850252880495319,0.002156972885131836,
11n_128,11,1,22,75,4194304,1.7881393432617188e-05,-15.771181309504119,0.005028963088989258,
11n_129,11,1,22,76,4194304,1.811981201171875e-05,-15.752072486556415,0.0043375492095947266,
11n_13,11,1,22,98,4194304,2.3365020751953125e-05,-15.385290155884793,0.006536960601806641,
11n_130,11,1,22,70,4194304,1.6689300537109375e-05,-15.870716983055033,0.0057201385498046875,
11n_131,12,1,24,103,16777216,6.139278411865234e-06,-17.31349947281678,0.0075685977935791016,
11n_133,11,1,22,68,4194304,1.621246337890625e-05,-15.912537158749661,0.0058994293212890625,
11n_135,11,1,22,71,4194304,1.6927719116210938e-05,-15.850252880495319,0.0027191638946533203,
11n_137,13,1,26,109,67108864,1.6242265701293945e-06,-19.231815675223075,0.012174844741821289,
11n_14,11,1,22,84,4194304,2.002716064453125e-05,-15.60768257722124,0.003999233245849609,
11n_142,12,1,24,79,16777216,4.708766937255859e-06,-17.696219251822896,0.006105184555053711,
11n_143,11,1,22,67,4194304,1.5974044799804688e-05,-15.933910809542228,0.003404855728149414,
11n_144,11,1,22,72,4194304,1.71661376953125e-05,-15.830074998557688,0.004197120666503906,
11n_145,11,1,22,69,4194304,1.6450881958007812e-05,-15.89147554322183,0.010041475296020508,
11n_146,11,1,22,71,4194304,1.6927719116210938e-05,-15.850252880495319,0.004389286041259766,
11n_147,11,1,22,71,4194304,1.6927719116210938e-05,-15.850252880495319,0.008214950561523438,
11n_148,11,1,22,71,4194304,1.6927719116210938e-05,-15.850252880495319,0.00877070426940918,
11n_149,11,1,22,72,4194304,1.71661376953125e-05,-15.830074998557688,0.00559234619140625,
11n_15,11,1,22,82,4194304,1.9550323486328125e-05,-15.642447995381916,0.007021427154541016,
11n_153,11,1,22,82,4194304,1.9550323486328125e-05,-15.642447995381916,0.003509521484375,
11n_154,11,1,22,72,4194304,1.71661376953125e-05,-15.830074998557688,0.006074190139770508,
11n_156,11,1,22,71,4194304,1.6927719116210938e-05,-15.850252880495319,0.009078264236450195,
11n_157,11,1,22,68,4194304,1.621246337890625e-05,-15.912537158749661,0.0024976730346679688,
11n_158,11,1,22,78,4194304,1.8596649169921875e-05,-15.714597781137751,0.0046231746673583984,
11n_159,11,1,22,78,4194304,1.8596649169921875e-05,-15.714597781137751,0.0050754547119140625,
11n_160,11,1,22,72,4194304,1.71661376953125e-05,-15.830074998557688,0.008318185806274414,
11n_163,13,1,26,100,67108864,1.4901161193847656e-06,-19.356143810225277,0.01048731803894043,
11n_164,13,1,26,112,67108864,1.6689300537109375e-06,-19.192645077942394,0.012611865997314453,
11n_165,12,1,24,88,16777216,5.245208740234375e-06,-17.540568381362704,0.010635614395141602,
11n_166,11,1,22,79,4194304,1.8835067749023438e-05,-15.696219251822896,0.0039823055267333984,
11n_167,11,1,22,72,4194304,1.71661376953125e-05,-15.830074998557688,0.005761861801147461,
11n_168,12,1,24,92,16777216,5.4836273193359375e-06,-17.476438043942988,0.005650758743286133,
11n_172,11,1,22,72,4194304,1.71661376953125e-05,-15.830074998557688,0.003528118133544922,
11n_173,11,1,22,71,4194304,1.6927719116210938e-05,-15.850252880495319,0.0031273365020751953,
11n_176,11,1,22,71,4194304,1.6927719116210938e-05,-15.850252880495319,0.003854036331176758,
11n_177,11,1,22,76,4194304,1.811981201171875e-05,-15.752072486556415,0.0037915706634521484,
11n_179,13,1,26,100,67108864,1.4901161193847656e-06,-19.356143810225277,0.008031845092773438,
11n_182,11,1,22,77,4194304,1.8358230590820312e-05,-15.733213459305098,0.004225015640258789,
11n_183,11,1,22,64,4194304,1.52587890625e-05,-16.0,0.004801273345947266,
11n_19,11,1,22,74,4194304,1.7642974853515625e-05,-15.79054663437105,0.002533435821533203,
11n_21,11,1,22,79,4194304,1.8835067749023438e-05,-15.696219251822896,0.007164716720581055,
11n_22,11,1,22,74,4194304,1.7642974853515625e-05,-15.79054663437105,0.0034072399139404297,
11n_23,11,1,22,88,4194304,2.09808349609375e-05,-15.540568381362704,0.006484031677246094,
11n_24,11,1,22,74,4194304,1.7642974853515625e-05,-15.79054663437105,0.003923654556274414,
11n_25,11,1,22,73,4194304,1.7404556274414062e-05,-15.810175441119982,0.0016357898712158203,
11n_26,11,1,22,78,4194304,1.8596649169921875e-05,-15.714597781137751,0.005942583084106445,
11n_27,11,1,22,81,4194304,1.9311904907226562e-05,-15.660149997115376,0.006868839263916016,
11n_28,12,1,24,96,16777216,5.7220458984375e-06,-17.415037499278846,0.007463216781616211,
11n_31,12,1,24,90,16777216,5.364418029785156e-06,-17.508146903670326,0.00518798828125,
11n_32,12,1,24,112,16777216,6.67572021484375e-06,-17.192645077942394,0.013868093490600586,
11n_33,12,1,24,114,16777216,6.794929504394531e-06,-17.16710998583526,0.00794529914855957,
11n_36,11,1,22,76,4194304,1.811981201171875e-05,-15.752072486556415,0.0032215118408203125,
11n_37,11,1,22,77,4194304,1.8358230590820312e-05,-15.733213459305098,0.001506805419921875,
11n_38,11,1,22,62,4194304,1.4781951904296875e-05,-16.045803689613123,0.001865386962890625,
11n_4,11,1,22,78,4194304,1.8596649169921875e-05,-15.714597781137751,0.003344297409057617,
11n_41,11,1,22,82,4194304,1.9550323486328125e-05,-15.642447995381916,0.0026748180389404297,
11n_44,11,1,22,82,4194304,1.9550323486328125e-05,-15.642447995381916,0.003942728042602539,
11n_47,11,1,22,76,4194304,1.811981201171875e-05,-15.752072486556415,0.006720304489135742,
11n_48,11,1,22,79,4194304,1.8835067749023438e-05,-15.696219251822896,0.004840373992919922,
11n_49,12,1,24,100,16777216,5.9604644775390625e-06,-17.356143810225277,0.004452228546142578,
11n_5,11,1,22,77,4194304,1.8358230590820312e-05,-15.733213459305098,0.008633136749267578,
11n_51,11,1,22,73,4194304,1.7404556274414062e-05,-15.810175441119982,0.004597663879394531,
11n_52,11,1,22,75,4194304,1.7881393432617188e-05,-15.771181309504119,0.006293296813964844,
11n_53,11,1,22,80,4194304,1.9073486328125e-05,-15.678071905112638,0.0031728744506835938,
11n_54,11,1,22,70,4194304,1.6689300537109375e-05,-15.870716983055033,0.005072355270385742,
11n_55,11,1,22,81,4194304,1.9311904907226562e-05,-15.660149997115376,0.0067865848541259766,
11n_56,11,1,22,79,4194304,1.8835067749023438e-05,-15.696219251822896,0.0047261714935302734,
11n_57,11,1,22,78,4194304,1.8596649169921875e-05,-15.714597781137751,0.006137847900390625,
11n_58,11,1,22,73,4194304,1.7404556274414062e-05,-15.810175441119982,0.009022712707519531,
11n_59,11,1,22,74,4194304,1.7642974853515625e-05,-15.79054663437105,0.005476713180541992,
11n_6,12,1,24,104,16777216,6.198883056640625e-06,-17.29956028185891,0.005501985549926758,
11n_60,11,1,22,87,4194304,2.0742416381835938e-05,-15.557056504151273,0.0064449310302734375,
11n_61,11,1,22,83,4194304,1.9788742065429688e-05,-15.624960568653076,0.006665468215942383,
11n_66,13,1,26,113,67108864,1.6838312149047852e-06,-19.179821037584812,0.01324915885925293,
11n_7,12,1,24,93,16777216,5.543231964111328e-06,-17.46084118889197,0.002583742141723633,
11n_70,11,1,22,83,4194304,1.9788742065429688e-05,-15.624960568653076,0.005060911178588867,
11n_74,13,1,26,122,67108864,1.817941665649414e-06,-19.06926266243711,0.019754648208618164,
11n_76,11,1,22,82,4194304,1.9550323486328125e-05,-15.642447995381916,0.004837512969970703,
11n_77,11,1,22,66,4194304,1.5735626220703125e-05,-15.955605880641546,0.008233785629272461,
11n_78,11,1,22,90,4194304,2.1457672119140625e-05,-15.508146903670326,0.003021717071533203,
11n_8,12,1,24,102,16777216,6.079673767089844e-06,-17.327574658028503,0.0052721500396728516,
11n_80,12,1,24,124,16777216,7.3909759521484375e-06,-17.045803689613123,0.004263877868652344,
11n_81,11,1,22,78,4194304,1.8596649169921875e-05,-15.714597781137751,0.0058634281158447266,
11n_82,11,1,22,76,4194304,1.811981201171875e-05,-15.752072486556415,0.0022606849670410156,
11n_85,11,1,22,76,4194304,1.811981201171875e-05,-15.752072486556415,0.006199836730957031,
11n_86,11,1,22,71,4194304,1.6927719116210938e-05,-15.850252880495319,0.007731437683105469,
11n_87,11,1,22,72,4194304,1.71661376953125e-05,-15.830074998557688,0.002800464630126953,
11n_88,11,1,22,94,4194304,2.2411346435546875e-05,-15.445411148322362,0.0065765380859375,
11n_89,11,1,22,78,4194304,1.8596649169921875e-05,-15.714597781137751,0.006603240966796875,
11n_9,11,1,22,80,4194304,1.9073486328125e-05,-15.678071905112638,0.005253314971923828,
11n_91,12,1,24,103,16777216,6.139278411865234e-06,-17.31349947281678,0.005268096923828125,
11n_92,11,1,22,86,4194304,2.0503997802734375e-05,-15.573735245297902,0.0036776065826416016,
11n_94,11,1,22,70,4194304,1.6689300537109375e-05,-15.870716983055033,0.009191036224365234,
11n_95,11,1,22,59,4194304,1.4066696166992188e-05,-16.117356950638158,0.0030412673950195312,
11n_96,11,1,22,77,4194304,1.8358230590820312e-05,-15.733213459305098,0.0051822662353515625,
11n_98,13,1,26,101,67108864,1.5050172805786133e-06,-19.341788517248204,0.01559901237487793,
12a_1,14,1,28,215,268435456,8.009374141693115e-07,-20.25180715041054,0.010079383850097656,
12a_1002,12,1,24,148,16777216,8.821487426757812e-06,-16.79054663437105,0.010661125183105469,
12a_101,14,1,28,200,268435456,7.450580596923828e-07,-20.356143810225277,0.04795646667480469,
12a_1011,12,1,24,166,16777216,9.894371032714844e-06,-16.624960568653076,0.014184951782226562,
12a_1013,12,1,24,166,16777216,9.894371032714844e-06,-16.624960568653076,0.00881052017211914,
12a_1019,12,1,24,121,16777216,7.212162017822266e-06,-17.081136762725407,0.007175922393798828,
12a_1020,12,1,24,128,16777216,7.62939453125e-06,-17.0,0.0104217529296875,
12a_1021,14,1,28,171,268435456,6.370246410369873e-07,-20.582147485114103,0.07308149337768555,
12a_1027,12,1,24,180,16777216,1.0728836059570312e-05,-16.508146903670326,0.012248992919921875,
12a_1039,12,1,24,157,16777216,9.357929229736328e-06,-16.705379251108372,0.00798487663269043,
12a_1045,14,1,28,223,268435456,8.307397365570068e-07,-20.199100100079697,0.028982877731323242,
12a_1047,12,1,24,170,16777216,1.0132789611816406e-05,-16.5906090638623,0.01262807846069336,
12a_1049,14,1,28,215,268435456,8.009374141693115e-07,-20.25180715041054,0.028554439544677734,
12a_105,14,1,28,218,268435456,8.121132850646973e-07,-20.231815675223075,0.046137094497680664,
12a_1050,14,1,28,174,268435456,6.48200511932373e-07,-20.557056504151273,0.03401327133178711,
12a_1051,12,1,24,178,16777216,1.0609626770019531e-05,-16.524266569033603,0.012420892715454102,
12a_1054,16,1,32,242,4294967296,5.634501576423645e-08,-24.081136762725407,0.11173057556152344,
12a_1065,14,1,28,179,268435456,6.668269634246826e-07,-20.516184222735745,0.014900684356689453,
12a_1067,14,1,28,183,268435456,6.817281246185303e-07,-20.484300161715957,0.015123605728149414,
12a_1070,14,1,28,178,268435456,6.631016731262207e-07,-20.524266569033603,0.03235435485839844,
12a_1074,14,1,28,182,268435456,6.780028343200684e-07,-20.492205359801304,0.02906632423400879,
12a_1076,14,1,28,186,268435456,6.92903995513916e-07,-20.46084118889197,0.03542685508728027,
12a_108,14,1,28,196,268435456,7.301568984985352e-07,-20.385290155884793,0.04918241500854492,
12a_1080,14,1,28,196,268435456,7.301568984985352e-07,-20.385290155884793,0.013262033462524414,
12a_1081,14,1,28,179,268435456,6.668269634246826e-07,-20.516184222735745,0.016087770462036133,
12a_1082,14,1,28,201,268435456,7.487833499908447e-07,-20.348948308821072,0.03050541877746582,
12a_1084,14,1,28,199,268435456,7.413327693939209e-07,-20.36337537945635,0.04468202590942383,
12a_1087,14,1,28,186,268435456,6.92903995513916e-07,-20.46084118889197,0.05246376991271973,
12a_1088,16,1,32,250,4294967296,5.820766091346741e-08,-24.034215715337915,0.06938743591308594,
12a_1089,14,1,28,205,268435456,7.636845111846924e-07,-20.320519900494553,0.030467510223388672,
12a_1092,16,1,32,243,4294967296,5.657784640789032e-08,-24.075187496394218,0.06293821334838867,
12a_1093,14,1,28,184,268435456,6.854534149169922e-07,-20.476438043942988,0.02785944938659668,
12a_1096,14,1,28,187,268435456,6.966292858123779e-07,-20.453105540112364,0.01960277557373047,
12a_11,14,1,28,220,268435456,8.195638656616211e-07,-20.218640286475342,0.01103663444519043,
12a_1102,12,1,24,132,16777216,7.867813110351562e-06,-16.955605880641546,0.008141517639160156,
12a_1104,14,1,28,187,268435456,6.966292858123779e-07,-20.453105540112364,0.05667376518249512,
12a_1105,12,1,24,138,16777216,8.225440979003906e-06,-16.89147554322183,0.007903575897216797,
12a_111,14,1,28,196,268435456,7.301568984985352e-07,-20.385290155884793,0.048272132873535156,
12a_1114,12,1,24,174,16777216,1.0371208190917969e-05,-16.557056504151273,0.008537054061889648,
12a_112,12,1,24,163,16777216,9.715557098388672e-06,-16.651271845768925,0.01047968864440918,
12a_1120,12,1,24,174,16777216,1.0371208190917969e-05,-16.557056504151273,0.007476091384887695,
12a_1122,14,1,28,186,268435456,6.92903995513916e-07,-20.46084118889197,0.029646873474121094,
12a_1123,16,1,32,265,4294967296,6.170012056827545e-08,-23.950151450549438,0.05732321739196777,
12a_1124,16,1,32,310,4294967296,7.217749953269958e-08,-23.72387559472576,0.03977394104003906,
12a_1128,12,1,24,206,16777216,1.2278556823730469e-05,-16.31349947281678,0.011956214904785156,
12a_113,14,1,28,214,268435456,7.972121238708496e-07,-20.258533013598854,0.017949581146240234,
12a_1134,12,1,24,214,16777216,1.2755393981933594e-05,-16.258533013598854,0.013296365737915039,
12a_1141,14,1,28,217,268435456,8.083879947662354e-07,-20.23844876755552,0.024109840393066406,
12a_115,14,1,28,199,268435456,7.413327693939209e-07,-20.36337537945635,0.041922807693481445,
12a_1150,14,1,28,201,268435456,7.487833499908447e-07,-20.348948308821072,0.060816049575805664,
12a_1152,12,1,24,133,16777216,7.927417755126953e-06,-16.94471756449881,0.00713038444519043,
12a_1153,14,1,28,217,268435456,8.083879947662354e-07,-20.23844876755552,0.018738746643066406,
12a_1156,14,1,28,187,268435456,6.966292858123779e-07,-20.453105540112364,0.09388494491577148,
12a_116,14,1,28,193,268435456,7.189810276031494e-07,-20.40754296273192,0.030878305435180664,
12a_1167,14,1,28,185,268435456,6.891787052154541e-07,-20.46861853948369,0.021297693252563477,
12a_1168,12,1,24,164,16777216,9.775161743164062e-06,-16.642447995381914,0.012495756149291992,
12a_1176,12,1,24,174,16777216,1.0371208190917969e-05,-16.557056504151273,0.012088775634765625,
12a_1188,14,1,28,171,268435456,6.370246410369873e-07,-20.582147485114103,0.059050798416137695,
12a_119,14,1,28,196,268435456,7.301568984985352e-07,-20.385290155884793,0.013322830200195312,
12a_1190,14,1,28,179,268435456,6.668269634246826e-07,-20.516184222735745,0.040375471115112305,
12a_1191,12,1,24,153,16777216,9.119510650634766e-06,-16.74261215730735,0.011783599853515625,
12a_1195,14,1,28,183,268435456,6.817281246185303e-07,-20.484300161715957,0.021617650985717773,
12a_1199,12,1,24,148,16777216,8.821487426757812e-06,-16.79054663437105,0.010472536087036133,
12a_120,14,1,28,194,268435456,7.227063179016113e-07,-20.400087157812873,0.04013252258300781,
12a_1203,12,1,24,158,16777216,9.417533874511719e-06,-16.696219251822896,0.010749101638793945,
12a_1209,12,1,24,149,16777216,8.881092071533203e-06,-16.780831479537838,0.00777435302734375,
12a_1210,12,1,24,152,16777216,9.059906005859375e-06,-16.752072486556415,0.012897014617919922,
12a_1211,12,1,24,138,16777216,8.225440979003906e-06,-16.89147554322183,0.008101701736450195,
12a_1212,12,1,24,141,16777216,8.404254913330078e-06,-16.860448647601206,0.011833429336547852,
12a_1214,12,1,24,212,16777216,1.2636184692382812e-05,-16.272079545436803,0.007845640182495117,
12a_1215,12,1,24,166,16777216,9.894371032714844e-06,-16.624960568653076,0.008641958236694336,
12a_1218,12,1,24,169,16777216,1.0073184967041016e-05,-16.599120563717815,0.009481191635131836,
12a_1219,12,1,24,162,16777216,9.655952453613281e-06,-16.660149997115376,0.013256549835205078,
12a_122,12,1,24,180,16777216,1.0728836059570312e-05,-16.508146903670326,0.010282278060913086,
12a_1220,12,1,24,173,16777216,1.0311603546142578e-05,-16.565371772363275,0.012899637222290039,
12a_1221,12,1,24,148,16777216,8.821487426757812e-06,-16.79054663437105,0.012493133544921875,
12a_1222,12,1,24,147,16777216,8.761882781982422e-06,-16.800327655163635,0.011220216751098633,
12a_1223,12,1,24,160,16777216,9.5367431640625e-06,-16.67807190511264,0.009708404541015625,
12a_1225,12,1,24,148,16777216,8.821487426757812e-06,-16.79054663437105,0.009566783905029297,
12a_1226,12,1,24,156,16777216,9.298324584960938e-06,-16.71459778113775,0.011123895645141602,
12a_1227,12,1,24,146,16777216,8.702278137207031e-06,-16.81017544111998,0.012494564056396484,
12a_1229,12,1,24,146,16777216,8.702278137207031e-06,-16.81017544111998,0.008068084716796875,
12a_123,12,1,24,174,16777216,1.0371208190917969e-05,-16.557056504151273,0.006133317947387695,
12a_1230,12,1,24,146,16777216,8.702278137207031e-06,-16.81017544111998,0.010962247848510742,
12a_1231,12,1,24,146,16777216,8.702278137207031e-06,-16.81017544111998,0.012408256530761719,
12a_1233,12,1,24,184,16777216,1.0967254638671875e-05,-16.476438043942988,0.011101484298706055,
12a_1235,12,1,24,164,16777216,9.775161743164062e-06,-16.642447995381914,0.011443138122558594,
12a_1238,12,1,24,164,16777216,9.775161743164062e-06,-16.642447995381914,0.010539531707763672,
12a_1246,12,1,24,156,16777216,9.298324584960938e-06,-16.71459778113775,0.01287698745727539,
12a_1248,12,1,24,137,16777216,8.165836334228516e-06,-16.901967917039475,0.011942148208618164,
12a_1249,12,1,24,137,16777216,8.165836334228516e-06,-16.901967917039475,0.009176254272460938,
12a_125,14,1,28,238,268435456,8.866190910339355e-07,-20.105182236692055,0.02097916603088379,
12a_1250,12,1,24,145,16777216,8.64267349243164e-06,-16.820090909985066,0.010369062423706055,
12a_1253,12,1,24,144,16777216,8.58306884765625e-06,-16.830074998557688,0.011777877807617188,
12a_1254,12,1,24,154,16777216,9.179115295410156e-06,-16.733213459305098,0.008125066757202148,
12a_1255,12,1,24,146,16777216,8.702278137207031e-06,-16.81017544111998,0.013128995895385742,
12a_1258,12,1,24,160,16777216,9.5367431640625e-06,-16.67807190511264,0.011969804763793945,
12a_126,12,1,24,158,16777216,9.417533874511719e-06,-16.696219251822896,0.0069196224212646484,
12a_1260,12,1,24,164,16777216,9.775161743164062e-06,-16.642447995381914,0.009610652923583984,
12a_1273,12,1,24,202,16777216,1.2040138244628906e-05,-16.341788517248204,0.009418487548828125,
12a_1280,14,1,28,201,268435456,7.487833499908447e-07,-20.348948308821072,0.03178524971008301,
12a_1283,12,1,24,180,16777216,1.0728836059570312e-05,-16.508146903670326,0.013669013977050781,
12a_1288,12,1,24,168,16777216,1.0013580322265625e-05,-16.60768257722124,0.00841975212097168,
12a_129,12,1,24,178,16777216,1.0609626770019531e-05,-16.524266569033603,0.007230997085571289,
12a_13,14,1,28,202,268435456,7.525086402893066e-07,-20.341788517248204,0.012212038040161133,
12a_131,14,1,28,172,268435456,6.407499313354492e-07,-20.573735245297904,0.061717987060546875,
12a_132,14,1,28,172,268435456,6.407499313354492e-07,-20.573735245297904,0.05830502510070801,
12a_133,12,1,24,158,16777216,9.417533874511719e-06,-16.696219251822896,0.0065114498138427734,
12a_134,14,1,28,211,268435456,7.860362529754639e-07,-20.278900811292814,0.045046091079711914,
12a_136,12,1,24,153,16777216,9.119510650634766e-06,-16.74261215730735,0.005956888198852539,
12a_137,12,1,24,154,16777216,9.179115295410156e-06,-16.733213459305098,0.008177995681762695,
12a_138,12,1,24,146,16777216,8.702278137207031e-06,-16.81017544111998,0.008427143096923828,
12a_139,12,1,24,147,16777216,8.761882781982422e-06,-16.800327655163635,0.008394718170166016,
12a_14,14,1,28,202,268435456,7.525086402893066e-07,-20.341788517248204,0.01131296157836914,
12a_141,14,1,28,230,268435456,8.568167686462402e-07,-20.154509949055626,0.048187971115112305,
12a_142,14,1,28,217,268435456,8.083879947662354e-07,-20.23844876755552,0.053436994552612305,
12a_146,12,1,24,222,16777216,1.3232231140136719e-05,-16.205584133649893,0.012593746185302734,
12a_149,14,1,28,216,268435456,8.046627044677734e-07,-20.24511249783653,0.05065512657165527,
12a_15,14,1,28,192,268435456,7.152557373046875e-07,-20.415037499278846,0.013489007949829102,
12a_157,14,1,28,219,268435456,8.158385753631592e-07,-20.225212940398826,0.04075980186462402,
12a_158,14,1,28,230,268435456,8.568167686462402e-07,-20.154509949055626,0.05065774917602539,
12a_16,12,1,24,157,16777216,9.357929229736328e-06,-16.705379251108372,0.007232189178466797,
12a_164,14,1,28,220,268435456,8.195638656616211e-07,-20.218640286475342,0.04408669471740723,
12a_166,14,1,28,216,268435456,8.046627044677734e-07,-20.24511249783653,0.05051708221435547,
12a_17,12,1,24,154,16777216,9.179115295410156e-06,-16.733213459305098,0.006315946578979492,
12a_172,12,1,24,186,16777216,1.1086463928222656e-05,-16.46084118889197,0.006533622741699219,
12a_173,12,1,24,169,16777216,1.0073184967041016e-05,-16.599120563717815,0.0077707767486572266,
12a_174,12,1,24,171,16777216,1.0192394256591797e-05,-16.582147485114103,0.006941318511962891,
12a_179,12,1,24,180,16777216,1.0728836059570312e-05,-16.508146903670326,0.00879216194152832,
12a_18,14,1,28,243,268435456,9.052455425262451e-07,-20.075187496394218,0.01554417610168457,
12a_181,14,1,28,222,268435456,8.270144462585449e-07,-20.205584133649893,0.027002811431884766,
12a_182,14,1,28,182,268435456,6.780028343200684e-07,-20.492205359801304,0.05388498306274414,
12a_184,12,1,24,151,16777216,9.000301361083984e-06,-16.761595260674923,0.006395578384399414,
12a_185,12,1,24,148,16777216,8.821487426757812e-06,-16.79054663437105,0.0067996978759765625,
12a_186,14,1,28,200,268435456,7.450580596923828e-07,-20.356143810225277,0.04298686981201172,
12a_188,14,1,28,196,268435456,7.301568984985352e-07,-20.385290155884793,0.025548696517944336,
12a_189,14,1,28,206,268435456,7.674098014831543e-07,-20.31349947281678,0.04356980323791504,
12a_19,14,1,28,223,268435456,8.307397365570068e-07,-20.199100100079697,0.01802515983581543,
12a_190,14,1,28,194,268435456,7.227063179016113e-07,-20.400087157812873,0.044519662857055664,
12a_191,14,1,28,223,268435456,8.307397365570068e-07,-20.199100100079697,0.04444289207458496,
12a_193,12,1,24,196,16777216,1.1682510375976562e-05,-16.385290155884793,0.008121490478515625,
12a_195,14,1,28,212,268435456,7.897615432739258e-07,-20.272079545436803,0.03581357002258301,
12a_2,14,1,28,240,268435456,8.940696716308594e-07,-20.09310940439148,0.01304483413696289,
12a_20,14,1,28,224,268435456,8.344650268554688e-07,-20.192645077942394,0.014859437942504883,
12a_200,14,1,28,186,268435456,6.92903995513916e-07,-20.46084118889197,0.00950479507446289,
12a_202,14,1,28,193,268435456,7.189810276031494e-07,-20.40754296273192,0.02128458023071289,
12a_203,12,1,24,158,16777216,9.417533874511719e-06,-16.696219251822896,0.008536338806152344,
12a_207,14,1,28,230,268435456,8.568167686462402e-07,-20.154509949055626,0.01492762565612793,
12a_209,12,1,24,141,16777216,8.404254913330078e-06,-16.860448647601206,0.008326530456542969,
12a_213,12,1,24,144,16777216,8.58306884765625e-06,-16.830074998557688,0.007959127426147461,
12a_214,12,1,24,144,16777216,8.58306884765625e-06,-16.830074998557688,0.008315086364746094,
12a_215,14,1,28,230,268435456,8.568167686462402e-07,-20.154509949055626,0.01612687110900879,
12a_216,12,1,24,182,16777216,1.0848045349121094e-05,-16.492205359801304,0.006670475006103516,
12a_217,14,1,28,188,268435456,7.003545761108398e-07,-20.445411148322364,0.02799367904663086,
12a_219,14,1,28,219,268435456,8.158385753631592e-07,-20.225212940398826,0.015250444412231445,
12a_220,12,1,24,159,16777216,9.47713851928711e-06,-16.687117044715645,0.008939743041992188,
12a_222,12,1,24,137,16777216,8.165836334228516e-06,-16.901967917039475,0.00628972053527832,
12a_224,12,1,24,148,16777216,8.821487426757812e-06,-16.79054663437105,0.0060350894927978516,
12a_225,14,1,28,180,268435456,6.705522537231445e-07,-20.508146903670326,0.028713226318359375,
12a_228,12,1,24,145,16777216,8.64267349243164e-06,-16.820090909985066,0.006966590881347656,
12a_233,12,1,24,148,16777216,8.821487426757812e-06,-16.79054663437105,0.011947154998779297,
12a_24,12,1,24,160,16777216,9.5367431640625e-06,-16.67807190511264,0.007719993591308594,
12a_242,12,1,24,162,16777216,9.655952453613281e-06,-16.660149997115376,0.009065866470336914,
12a_245,14,1,28,184,268435456,6.854534149169922e-07,-20.476438043942988,0.03620743751525879,
12a_246,12,1,24,162,16777216,9.655952453613281e-06,-16.660149997115376,0.00897526741027832,
12a_250,12,1,24,159,16777216,9.47713851928711e-06,-16.687117044715645,0.009197235107421875,
12a_258,12,1,24,168,16777216,1.0013580322265625e-05,-16.60768257722124,0.008424520492553711,
12a_26,14,1,28,236,268435456,8.791685104370117e-07,-20.117356950638158,0.016517162322998047,
12a_260,14,1,28,187,268435456,6.966292858123779e-07,-20.453105540112364,0.014139413833618164,
12a_261,14,1,28,194,268435456,7.227063179016113e-07,-20.400087157812873,0.02208232879638672,
12a_262,14,1,28,197,268435456,7.338821887969971e-07,-20.377948180543623,0.021872282028198242,
12a_264,12,1,24,130,16777216,7.748603820800781e-06,-16.977632186971547,0.008638143539428711,
12a_265,12,1,24,137,16777216,8.165836334228516e-06,-16.901967917039475,0.008965730667114258,
12a_268,14,1,28,175,268435456,6.51925802230835e-07,-20.54878888816767,0.012944221496582031,
12a_271,14,1,28,204,268435456,7.599592208862305e-07,-20.327574658028503,0.012106895446777344,
12a_278,12,1,24,180,16777216,1.0728836059570312e-05,-16.508146903670326,0.009502410888671875,
12a_280,14,1,28,205,268435456,7.636845111846924e-07,-20.320519900494553,0.01676487922668457,
12a_281,14,1,28,201,268435456,7.487833499908447e-07,-20.348948308821072,0.0728003978729248,
12a_282,12,1,24,150,16777216,8.940696716308594e-06,-16.77118130950412,0.007813215255737305,
12a_283,12,1,24,150,16777216,8.940696716308594e-06,-16.77118130950412,0.008853435516357422,
12a_284,12,1,24,158,16777216,9.417533874511719e-06,-16.696219251822896,0.007451295852661133,
12a_285,12,1,24,152,16777216,9.059906005859375e-06,-16.752072486556415,0.00910186767578125,
12a_287,14,1,28,198,268435456,7.37607479095459e-07,-20.37064337992039,0.024977922439575195,
12a_288,14,1,28,212,268435456,7.897615432739258e-07,-20.272079545436803,0.009815692901611328,
12a_29,14,1,28,202,268435456,7.525086402893066e-07,-20.341788517248204,0.03495907783508301,
12a_292,14,1,28,186,268435456,6.92903995513916e-07,-20.46084118889197,0.013633966445922852,
12a_298,12,1,24,168,16777216,1.0013580322265625e-05,-16.60768257722124,0.009933710098266602,
12a_299,12,1,24,159,16777216,9.47713851928711e-06,-16.687117044715645,0.011053085327148438,
12a_30,14,1,28,224,268435456,8.344650268554688e-07,-20.192645077942394,0.014736175537109375,
12a_304,12,1,24,168,16777216,1.0013580322265625e-05,-16.60768257722124,0.00880122184753418,
12a_305,12,1,24,164,16777216,9.775161743164062e-06,-16.642447995381914,0.007174015045166016,
12a_310,12,1,24,150,16777216,8.940696716308594e-06,-16.77118130950412,0.008262872695922852,
12a_316,12,1,24,144,16777216,8.58306884765625e-06,-16.830074998557688,0.006428956985473633,
12a_318,12,1,24,160,16777216,9.5367431640625e-06,-16.67807190511264,0.0067975521087646484,
12a_323,14,1,28,181,268435456,6.742775440216064e-07,-20.500154112916796,0.02870631217956543,
12a_324,14,1,28,205,268435456,7.636845111846924e-07,-20.320519900494553,0.01706385612487793,
12a_325,14,1,28,198,268435456,7.37607479095459e-07,-20.37064337992039,0.03711724281311035,
12a_328,12,1,24,148,16777216,8.821487426757812e-06,-16.79054663437105,0.0059092044830322266,
12a_33,14,1,28,204,268435456,7.599592208862305e-07,-20.327574658028503,0.018526554107666016,
12a_331,14,1,28,202,268435456,7.525086402893066e-07,-20.341788517248204,0.017611980438232422,
12a_333,12,1,24,150,16777216,8.940696716308594e-06,-16.77118130950412,0.007068634033203125,
12a_334,14,1,28,184,268435456,6.854534149169922e-07,-20.476438043942988,0.01736283302307129,
12a_335,14,1,28,188,268435456,7.003545761108398e-07,-20.445411148322364,0.019755840301513672,
12a_341,12,1,24,158,16777216,9.417533874511719e-06,-16.696219251822896,0.008251667022705078,
12a_342,12,1,24,156,16777216,9.298324584960938e-06,-16.71459778113775,0.008037328720092773,
12a_349,14,1,28,188,268435456,7.003545761108398e-07,-20.445411148322364,0.029604196548461914,
12a_351,14,1,28,190,268435456,7.078051567077637e-07,-20.430144391669053,0.029871225357055664,
12a_352,14,1,28,180,268435456,6.705522537231445e-07,-20.508146903670326,0.03196525573730469,
12a_358,12,1,24,139,16777216,8.285045623779297e-06,-16.88105892727649,0.009649038314819336,
12a_359,12,1,24,130,16777216,7.748603820800781e-06,-16.977632186971547,0.009468793869018555,
12a_361,12,1,24,130,16777216,7.748603820800781e-06,-16.977632186971547,0.008062362670898438,
12a_362,14,1,28,173,268435456,6.444752216339111e-07,-20.565371772363275,0.03556036949157715,
12a_363,14,1,28,192,268435456,7.152557373046875e-07,-20.415037499278846,0.029147863388061523,
12a_364,14,1,28,172,268435456,6.407499313354492e-07,-20.573735245297904,0.03473019599914551,
12a_369,12,1,24,208,16777216,1.239776611328125e-05,-16.29956028185891,0.012345552444458008,
12a_373,14,1,28,213,268435456,7.934868335723877e-07,-20.26529037977416,0.03840279579162598,
12a_374,12,1,24,162,16777216,9.655952453613281e-06,-16.660149997115376,0.01086568832397461,
12a_377,12,1,24,144,16777216,8.58306884765625e-06,-16.830074998557688,0.007776498794555664,
12a_382,12,1,24,175,16777216,1.043081283569336e-05,-16.54878888816767,0.009125471115112305,
12a_383,12,1,24,171,16777216,1.0192394256591797e-05,-16.582147485114103,0.008161306381225586,
12a_386,14,1,28,198,268435456,7.37607479095459e-07,-20.37064337992039,0.03925800323486328,
12a_387,14,1,28,187,268435456,6.966292858123779e-07,-20.453105540112364,0.047881126403808594,
12a_388,12,1,24,150,16777216,8.940696716308594e-06,-16.77118130950412,0.009253978729248047,
12a_389,14,1,28,174,268435456,6.48200511932373e-07,-20.557056504151273,0.03594565391540527,
12a_39,12,1,24,172,16777216,1.0251998901367188e-05,-16.573735245297904,0.008758544921875,
12a_396,14,1,28,204,268435456,7.599592208862305e-07,-20.327574658028503,0.049883365631103516,
12a_398,12,1,24,150,16777216,8.940696716308594e-06,-16.77118130950412,0.007712841033935547,
12a_4,12,1,24,165,16777216,9.834766387939453e-06,-16.633677785754184,0.0054166316986083984,
12a_40,14,1,28,191,268435456,7.115304470062256e-07,-20.42257117196425,0.0361180305480957,
12a_402,12,1,24,141,16777216,8.404254913330078e-06,-16.860448647601206,0.007845878601074219,
12a_413,12,1,24,140,16777216,8.344650268554688e-06,-16.870716983055033,0.009367227554321289,
12a_415,12,1,24,147,16777216,8.761882781982422e-06,-16.800327655163635,0.007901430130004883,
12a_416,12,1,24,152,16777216,9.059906005859375e-06,-16.752072486556415,0.008363962173461914,
12a_417,14,1,28,182,268435456,6.780028343200684e-07,-20.492205359801304,0.04370617866516113,
12a_418,12,1,24,142,16777216,8.463859558105469e-06,-16.85025288049532,0.00789332389831543,
12a_419,12,1,24,136,16777216,8.106231689453125e-06,-16.91253715874966,0.007837772369384766,
12a_426,14,1,28,198,268435456,7.37607479095459e-07,-20.37064337992039,0.05177879333496094,
12a_427,12,1,24,156,16777216,9.298324584960938e-06,-16.71459778113775,0.0077211856842041016,
12a_434,14,1,28,198,268435456,7.37607479095459e-07,-20.37064337992039,0.023436546325683594,
12a_435,14,1,28,184,268435456,6.854534149169922e-07,-20.476438043942988,0.011092185974121094,
12a_436,12,1,24,163,16777216,9.715557098388672e-06,-16.651271845768925,0.010286331176757812,
12a_438,14,1,28,178,268435456,6.631016731262207e-07,-20.524266569033603,0.02996659278869629,
12a_439,12,1,24,133,16777216,7.927417755126953e-06,-16.94471756449881,0.006978034973144531,
12a_445,12,1,24,160,16777216,9.5367431640625e-06,-16.67807190511264,0.010406494140625,
12a_446,12,1,24,144,16777216,8.58306884765625e-06,-16.830074998557688,0.007800579071044922,
12a_45,14,1,28,225,268435456,8.381903171539307e-07,-20.18621880878296,0.027390480041503906,
12a_451,12,1,24,148,16777216,8.821487426757812e-06,-16.79054663437105,0.00960993766784668,
12a_452,14,1,28,193,268435456,7.189810276031494e-07,-20.40754296273192,0.0251924991607666,
12a_453,12,1,24,170,16777216,1.0132789611816406e-05,-16.5906090638623,0.00846409797668457,
12a_455,12,1,24,146,16777216,8.702278137207031e-06,-16.81017544111998,0.007126569747924805,
12a_456,12,1,24,154,16777216,9.179115295410156e-06,-16.733213459305098,0.008502006530761719,
12a_457,12,1,24,136,16777216,8.106231689453125e-06,-16.91253715874966,0.006775379180908203,
12a_458,12,1,24,140,16777216,8.344650268554688e-06,-16.870716983055033,0.006435394287109375,
12a_462,12,1,24,178,16777216,1.0609626770019531e-05,-16.524266569033603,0.0062558650970458984,
12a_464,14,1,28,184,268435456,6.854534149169922e-07,-20.476438043942988,0.022619009017944336,
12a_465,12,1,24,154,16777216,9.179115295410156e-06,-16.733213459305098,0.007608652114868164,
12a_466,14,1,28,190,268435456,7.078051567077637e-07,-20.430144391669053,0.046079397201538086,
12a_467,14,1,28,177,268435456,6.593763828277588e-07,-20.532394449917003,0.025942325592041016,
12a_468,14,1,28,188,268435456,7.003545761108398e-07,-20.445411148322364,0.01841592788696289,
12a_469,14,1,28,188,268435456,7.003545761108398e-07,-20.445411148322364,0.028639793395996094,
12a_470,14,1,28,191,268435456,7.115304470062256e-07,-20.42257117196425,0.01886153221130371,
12a_473,14,1,28,175,268435456,6.51925802230835e-07,-20.54878888816767,0.04649186134338379,
12a_474,14,1,28,186,268435456,6.92903995513916e-07,-20.46084118889197,0.042505502700805664,
12a_475,14,1,28,182,268435456,6.780028343200684e-07,-20.492205359801304,0.01965188980102539,
12a_476,12,1,24,164,16777216,9.775161743164062e-06,-16.642447995381914,0.007893562316894531,
12a_477,12,1,24,178,16777216,1.0609626770019531e-05,-16.524266569033603,0.007532835006713867,
12a_478,12,1,24,156,16777216,9.298324584960938e-06,-16.71459778113775,0.008421659469604492,
12a_479,14,1,28,184,268435456,6.854534149169922e-07,-20.476438043942988,0.010702848434448242,
12a_48,12,1,24,152,16777216,9.059906005859375e-06,-16.752072486556415,0.009296417236328125,
12a_480,14,1,28,179,268435456,6.668269634246826e-07,-20.516184222735745,0.03619122505187988,
12a_483,14,1,28,170,268435456,6.332993507385254e-07,-20.5906090638623,0.044292449951171875,
12a_484,14,1,28,183,268435456,6.817281246185303e-07,-20.484300161715957,0.01958322525024414,
12a_485,12,1,24,142,16777216,8.463859558105469e-06,-16.85025288049532,0.0075800418853759766,
12a_486,12,1,24,145,16777216,8.64267349243164e-06,-16.820090909985066,0.008013248443603516,
12a_487,14,1,28,184,268435456,6.854534149169922e-07,-20.476438043942988,0.011841773986816406,
12a_488,14,1,28,194,268435456,7.227063179016113e-07,-20.400087157812873,0.011216163635253906,
12a_493,14,1,28,192,268435456,7.152557373046875e-07,-20.415037499278846,0.02509307861328125,
12a_497,12,1,24,153,16777216,9.119510650634766e-06,-16.74261215730735,0.010895013809204102,
12a_498,12,1,24,153,16777216,9.119510650634766e-06,-16.74261215730735,0.00853586196899414,
12a_499,12,1,24,150,16777216,8.940696716308594e-06,-16.77118130950412,0.01541447639465332,
12a_50,14,1,28,242,268435456,9.015202522277832e-07,-20.081136762725407,0.04207730293273926,
12a_500,12,1,24,160,16777216,9.5367431640625e-06,-16.67807190511264,0.010216951370239258,
12a_501,12,1,24,153,16777216,9.119510650634766e-06,-16.74261215730735,0.01212620735168457,
12a_503,14,1,28,238,268435456,8.866190910339355e-07,-20.105182236692055,0.015916824340820312,
12a_505,14,1,28,188,268435456,7.003545761108398e-07,-20.445411148322364,0.016994237899780273,
12a_506,12,1,24,156,16777216,9.298324584960938e-06,-16.71459778113775,0.011871576309204102,
12a_512,12,1,24,174,16777216,1.0371208190917969e-05,-16.557056504151273,0.009531259536743164,
12a_515,14,1,28,188,268435456,7.003545761108398e-07,-20.445411148322364,0.036351680755615234,
12a_516,14,1,28,192,268435456,7.152557373046875e-07,-20.415037499278846,0.06954145431518555,
12a_517,12,1,24,162,16777216,9.655952453613281e-06,-16.660149997115376,0.01084280014038086,
12a_521,12,1,24,182,16777216,1.0848045349121094e-05,-16.492205359801304,0.015196800231933594,
12a_528,12,1,24,155,16777216,9.238719940185547e-06,-16.72387559472576,0.013473272323608398,
12a_535,12,1,24,153,16777216,9.119510650634766e-06,-16.74261215730735,0.012826919555664062,
12a_536,12,1,24,162,16777216,9.655952453613281e-06,-16.660149997115376,0.012349605560302734,
12a_541,12,1,24,160,16777216,9.5367431640625e-06,-16.67807190511264,0.011703252792358398,
12a_561,14,1,28,203,268435456,7.562339305877686e-07,-20.334664082814825,0.022988319396972656,
12a_565,14,1,28,203,268435456,7.562339305877686e-07,-20.334664082814825,0.014831304550170898,
12a_569,14,1,28,204,268435456,7.599592208862305e-07,-20.327574658028503,0.02361583709716797,
12a_576,12,1,24,212,16777216,1.2636184692382812e-05,-16.272079545436803,0.015330314636230469,
12a_579,12,1,24,154,16777216,9.179115295410156e-06,-16.733213459305098,0.014002323150634766,
12a_58,12,1,24,168,16777216,1.0013580322265625e-05,-16.60768257722124,0.00470280647277832,
12a_583,12,1,24,162,16777216,9.655952453613281e-06,-16.660149997115376,0.012311935424804688,
12a_584,12,1,24,166,16777216,9.894371032714844e-06,-16.624960568653076,0.011181831359863281,
12a_59,14,1,28,197,268435456,7.338821887969971e-07,-20.377948180543623,0.024779558181762695,
12a_6,12,1,24,166,16777216,9.894371032714844e-06,-16.624960568653076,0.007561445236206055,
12a_60,14,1,28,214,268435456,7.972121238708496e-07,-20.258533013598854,0.035043954849243164,
12a_61,12,1,24,172,16777216,1.0251998901367188e-05,-16.573735245297904,0.011919021606445312,
12a_621,14,1,28,197,268435456,7.338821887969971e-07,-20.377948180543623,0.03129887580871582,
12a_627,12,1,24,156,16777216,9.298324584960938e-06,-16.71459778113775,0.00912785530090332,
12a_629,14,1,28,185,268435456,6.891787052154541e-07,-20.46861853948369,0.024230480194091797,
12a_63,14,1,28,212,268435456,7.897615432739258e-07,-20.272079545436803,0.024528026580810547,
12a_630,14,1,28,178,268435456,6.631016731262207e-07,-20.524266569033603,0.03736066818237305,
12a_637,14,1,28,196,268435456,7.301568984985352e-07,-20.385290155884793,0.08166861534118652,
12a_649,12,1,24,164,16777216,9.775161743164062e-06,-16.642447995381914,0.01392507553100586,
12a_65,14,1,28,229,268435456,8.530914783477783e-07,-20.160796211903055,0.05477261543273926,
12a_651,12,1,24,182,16777216,1.0848045349121094e-05,-16.492205359801304,0.012091398239135742,
12a_66,14,1,28,177,268435456,6.593763828277588e-07,-20.532394449917003,0.07065868377685547,
12a_662,14,1,28,178,268435456,6.631016731262207e-07,-20.524266569033603,0.04175281524658203,
12a_664,14,1,28,188,268435456,7.003545761108398e-07,-20.445411148322364,0.033353328704833984,
12a_67,14,1,28,220,268435456,8.195638656616211e-07,-20.218640286475342,0.04525256156921387,
12a_673,12,1,24,154,16777216,9.179115295410156e-06,-16.733213459305098,0.011038541793823242,
12a_674,12,1,24,154,16777216,9.179115295410156e-06,-16.733213459305098,0.012029647827148438,
12a_681,12,1,24,164,16777216,9.775161743164062e-06,-16.642447995381914,0.010131597518920898,
12a_683,12,1,24,172,16777216,1.0251998901367188e-05,-16.573735245297904,0.011743783950805664,
12a_69,14,1,28,232,268435456,8.642673492431641e-07,-20.142019004872427,0.05247354507446289,
12a_693,12,1,24,181,16777216,1.0788440704345703e-05,-16.500154112916796,0.00770115852355957,
12a_695,14,1,28,178,268435456,6.631016731262207e-07,-20.524266569033603,0.04089951515197754,
12a_696,14,1,28,178,268435456,6.631016731262207e-07,-20.524266569033603,0.04440951347351074,
12a_697,12,1,24,138,16777216,8.225440979003906e-06,-16.89147554322183,0.011361122131347656,
12a_698,12,1,24,146,16777216,8.702278137207031e-06,-16.81017544111998,0.012140512466430664,
12a_699,14,1,28,194,268435456,7.227063179016113e-07,-20.400087157812873,0.05693840980529785,
12a_7,14,1,28,192,268435456,7.152557373046875e-07,-20.415037499278846,0.018764495849609375,
12a_70,14,1,28,214,268435456,7.972121238708496e-07,-20.258533013598854,0.049343109130859375,
12a_700,14,1,28,178,268435456,6.631016731262207e-07,-20.524266569033603,0.044544219970703125,
12a_702,12,1,24,162,16777216,9.655952453613281e-06,-16.660149997115376,0.012185811996459961,
12a_703,14,1,28,183,268435456,6.817281246185303e-07,-20.484300161715957,0.04762601852416992,
12a_704,14,1,28,201,268435456,7.487833499908447e-07,-20.348948308821072,0.022867441177368164,
12a_705,12,1,24,137,16777216,8.165836334228516e-06,-16.901967917039475,0.012466669082641602,
12a_706,14,1,28,184,268435456,6.854534149169922e-07,-20.476438043942988,0.04722261428833008,
12a_707,14,1,28,178,268435456,6.631016731262207e-07,-20.524266569033603,0.037590980529785156,
12a_708,14,1,28,179,268435456,6.668269634246826e-07,-20.516184222735745,0.036980628967285156,
12a_709,12,1,24,142,16777216,8.463859558105469e-06,-16.85025288049532,0.011995792388916016,
12a_71,12,1,24,152,16777216,9.059906005859375e-06,-16.752072486556415,0.009245634078979492,
12a_710,14,1,28,182,268435456,6.780028343200684e-07,-20.492205359801304,0.048751115798950195,
12a_711,12,1,24,147,16777216,8.761882781982422e-06,-16.800327655163635,0.008738279342651367,
12a_712,14,1,28,171,268435456,6.370246410369873e-07,-20.582147485114103,0.03343772888183594,
12a_716,12,1,24,238,16777216,1.4185905456542969e-05,-16.105182236692055,0.011449098587036133,
12a_722,12,1,24,258,16777216,1.537799835205078e-05,-15.988772744576746,0.01352834701538086,
12a_74,14,1,28,184,268435456,6.854534149169922e-07,-20.476438043942988,0.011536121368408203,
12a_747,14,1,28,209,268435456,7.7858567237854e-07,-20.29264086791912,0.06482076644897461,
12a_754,14,1,28,201,268435456,7.487833499908447e-07,-20.348948308821072,0.04065752029418945,
12a_756,14,1,28,207,268435456,7.711350917816162e-07,-20.306513042500676,0.07017803192138672,
12a_765,16,1,32,253,4294967296,5.8906152844429016e-08,-24.017006425305688,0.023336172103881836,
12a_766,14,1,28,198,268435456,7.37607479095459e-07,-20.37064337992039,0.03726768493652344,
12a_768,14,1,28,208,268435456,7.748603820800781e-07,-20.29956028185891,0.0683739185333252,
12a_77,12,1,24,156,16777216,9.298324584960938e-06,-16.71459778113775,0.010231971740722656,
12a_776,14,1,28,198,268435456,7.37607479095459e-07,-20.37064337992039,0.023421049118041992,
12a_777,14,1,28,202,268435456,7.525086402893066e-07,-20.341788517248204,0.036355018615722656,
12a_778,14,1,28,196,268435456,7.301568984985352e-07,-20.385290155884793,0.03981590270996094,
12a_785,14,1,28,173,268435456,6.444752216339111e-07,-20.565371772363275,0.03781628608703613,
12a_788,14,1,28,176,268435456,6.556510925292969e-07,-20.540568381362704,0.03705954551696777,
12a_79,14,1,28,226,268435456,8.419156074523926e-07,-20.179821037584812,0.017047643661499023,
12a_793,12,1,24,142,16777216,8.463859558105469e-06,-16.85025288049532,0.008900880813598633,
12a_8,12,1,24,172,16777216,1.0251998901367188e-05,-16.573735245297904,0.0061376094818115234,
12a_80,14,1,28,226,268435456,8.419156074523926e-07,-20.179821037584812,0.05338859558105469,
12a_805,12,1,24,167,16777216,9.953975677490234e-06,-16.61629570752595,0.012475967407226562,
12a_815,12,1,24,190,16777216,1.1324882507324219e-05,-16.430144391669053,0.012536764144897461,
12a_818,14,1,28,187,268435456,6.966292858123779e-07,-20.453105540112364,0.023038387298583984,
12a_819,12,1,24,154,16777216,9.179115295410156e-06,-16.733213459305098,0.007109880447387695,
12a_824,12,1,24,182,16777216,1.0848045349121094e-05,-16.492205359801304,0.011957645416259766,
12a_835,12,1,24,194,16777216,1.1563301086425781e-05,-16.400087157812873,0.011776447296142578,
12a_838,12,1,24,222,16777216,1.3232231140136719e-05,-16.205584133649893,0.010670185089111328,
12a_84,12,1,24,158,16777216,9.417533874511719e-06,-16.696219251822896,0.00944828987121582,
12a_844,14,1,28,203,268435456,7.562339305877686e-07,-20.334664082814825,0.06625843048095703,
12a_846,14,1,28,207,268435456,7.711350917816162e-07,-20.306513042500676,0.05561566352844238,
12a_847,14,1,28,196,268435456,7.301568984985352e-07,-20.385290155884793,0.03431224822998047,
12a_850,12,1,24,186,16777216,1.1086463928222656e-05,-16.46084118889197,0.010653972625732422,
12a_859,12,1,24,186,16777216,1.1086463928222656e-05,-16.46084118889197,0.012452363967895508,
12a_864,12,1,24,157,16777216,9.357929229736328e-06,-16.705379251108372,0.012083053588867188,
12a_867,14,1,28,177,268435456,6.593763828277588e-07,-20.532394449917003,0.0320127010345459,
12a_868,16,1,32,285,4294967296,6.635673344135284e-08,-23.845181890947895,0.03770923614501953,
12a_869,12,1,24,150,16777216,8.940696716308594e-06,-16.77118130950412,0.010971307754516602,
12a_87,12,1,24,166,16777216,9.894371032714844e-06,-16.624960568653076,0.009165763854980469,
12a_878,12,1,24,188,16777216,1.1205673217773438e-05,-16.445411148322364,0.012311220169067383,
12a_88,14,1,28,187,268435456,6.966292858123779e-07,-20.453105540112364,0.04585886001586914,
12a_884,16,1,32,300,4294967296,6.984919309616089e-08,-23.77118130950412,0.11308503150939941,
12a_885,14,1,28,181,268435456,6.742775440216064e-07,-20.500154112916796,0.05039858818054199,
12a_886,14,1,28,184,268435456,6.854534149169922e-07,-20.476438043942988,0.009371757507324219,
12a_887,14,1,28,181,268435456,6.742775440216064e-07,-20.500154112916796,0.01769542694091797,
12a_888,14,1,28,180,268435456,6.705522537231445e-07,-20.508146903670326,0.03337359428405762,
12a_893,14,1,28,186,268435456,6.92903995513916e-07,-20.46084118889197,0.04840087890625,
12a_898,12,1,24,162,16777216,9.655952453613281e-06,-16.660149997115376,0.013326644897460938,
12a_90,14,1,28,187,268435456,6.966292858123779e-07,-20.453105540112364,0.01253366470336914,
12a_901,14,1,28,197,268435456,7.338821887969971e-07,-20.377948180543623,0.05455780029296875,
12a_906,14,1,28,193,268435456,7.189810276031494e-07,-20.40754296273192,0.017679929733276367,
12a_909,12,1,24,174,16777216,1.0371208190917969e-05,-16.557056504151273,0.010818004608154297,
12a_91,14,1,28,194,268435456,7.227063179016113e-07,-20.400087157812873,0.04348635673522949,
12a_913,16,1,32,238,4294967296,5.541369318962097e-08,-24.105182236692055,0.025690793991088867,
12a_916,12,1,24,168,16777216,1.0013580322265625e-05,-16.60768257722124,0.012915372848510742,
12a_918,14,1,28,200,268435456,7.450580596923828e-07,-20.356143810225277,0.06320810317993164,
12a_92,14,1,28,214,268435456,7.972121238708496e-07,-20.258533013598854,0.031052589416503906,
12a_920,12,1,24,172,16777216,1.0251998901367188e-05,-16.573735245297904,0.011413097381591797,
12a_928,14,1,28,179,268435456,6.668269634246826e-07,-20.516184222735745,0.0440363883972168,
12a_932,14,1,28,185,268435456,6.891787052154541e-07,-20.46861853948369,0.008713006973266602,
12a_933,14,1,28,192,268435456,7.152557373046875e-07,-20.415037499278846,0.03965568542480469,
12a_935,14,1,28,182,268435456,6.780028343200684e-07,-20.492205359801304,0.008886098861694336,
12a_948,16,1,32,232,4294967296,5.4016709327697754e-08,-24.142019004872427,0.7705583572387695,
12a_951,14,1,28,183,268435456,6.817281246185303e-07,-20.484300161715957,0.033602237701416016,
12a_961,14,1,28,186,268435456,6.92903995513916e-07,-20.46084118889197,0.034258365631103516,
12a_962,14,1,28,195,268435456,7.264316082000732e-07,-20.39266968625039,0.018628597259521484,
12a_964,14,1,28,182,268435456,6.780028343200684e-07,-20.492205359801304,0.020441293716430664,
12a_965,14,1,28,182,268435456,6.780028343200684e-07,-20.492205359801304,0.03299140930175781,
12a_968,14,1,28,199,268435456,7.413327693939209e-07,-20.36337537945635,0.019289016723632812,
12a_98,12,1,24,162,16777216,9.655952453613281e-06,-16.660149997115376,0.01029825210571289,
12a_981,12,1,24,162,16777216,9.655952453613281e-06,-16.660149997115376,0.01100778579711914,
12a_984,12,1,24,166,16777216,9.894371032714844e-06,-16.624960568653076,0.011029481887817383,
12a_99,12,1,24,159,16777216,9.47713851928711e-06,-16.687117044715645,0.010506629943847656,
12a_990,14,1,28,184,268435456,6.854534149169922e-07,-20.476438043942988,0.05019044876098633,
12a_991,14,1,28,193,268435456,7.189810276031494e-07,-20.40754296273192,0.024107933044433594,
12a_992,14,1,28,183,268435456,6.817281246185303e-07,-20.484300161715957,0.022070884704589844,
12a_999,12,1,24,162,16777216,9.655952453613281e-06,-16.660149997115376,0.008833646774291992,
12n_1,12,1,24,108,16777216,6.4373016357421875e-06,-17.24511249783653,0.0072040557861328125,
12n_10,12,1,24,94,16777216,5.602836608886719e-06,-17.445411148322364,0.0031328201293945312,
12n_101,16,1,32,279,4294967296,6.495974957942963e-08,-23.875878688170815,0.053885459899902344,
12n_102,16,1,32,273,4294967296,6.356276571750641e-08,-23.90724285908015,0.052477121353149414,
12n_103,13,1,26,134,67108864,1.996755599975586e-06,-18.933910809542226,0.011627197265625,
12n_104,13,1,26,143,67108864,2.130866050720215e-06,-18.840128663221613,0.016881227493286133,
12n_105,13,1,26,143,67108864,2.130866050720215e-06,-18.840128663221613,0.01630377769470215,
12n_106,13,1,26,150,67108864,2.2351741790771484e-06,-18.77118130950412,0.005968332290649414,
12n_107,13,1,26,146,67108864,2.175569534301758e-06,-18.81017544111998,0.0040547847747802734,
12n_113,12,1,24,128,16777216,7.62939453125e-06,-17.0,0.006909847259521484,
12n_114,12,1,24,134,16777216,7.987022399902344e-06,-16.933910809542226,0.026180267333984375,
12n_115,13,1,26,153,67108864,2.2798776626586914e-06,-18.74261215730735,0.006287097930908203,
12n_119,13,1,26,136,67108864,2.0265579223632812e-06,-18.91253715874966,0.01502084732055664,
12n_120,13,1,26,120,67108864,1.7881393432617188e-06,-19.09310940439148,0.004621744155883789,
12n_121,13,1,26,96,67108864,1.430511474609375e-06,-19.415037499278846,0.004759311676025391,
12n_122,14,1,28,175,268435456,6.51925802230835e-07,-20.54878888816767,0.05386805534362793,
12n_125,12,1,24,121,16777216,7.212162017822266e-06,-17.081136762725407,0.011267423629760742,
12n_127,14,1,28,160,268435456,5.960464477539062e-07,-20.67807190511264,0.04042172431945801,
12n_13,13,1,26,142,67108864,2.115964889526367e-06,-18.85025288049532,0.00559544563293457,
12n_134,13,1,26,163,67108864,2.428889274597168e-06,-18.651271845768925,0.015615224838256836,
12n_135,13,1,26,139,67108864,2.0712614059448242e-06,-18.88105892727649,0.01700448989868164,
12n_136,13,1,26,139,67108864,2.0712614059448242e-06,-18.88105892727649,0.015638113021850586,
12n_137,13,1,26,145,67108864,2.16066837310791e-06,-18.820090909985066,0.00595545768737793,
12n_138,14,1,28,176,268435456,6.556510925292969e-07,-20.540568381362704,0.05519556999206543,
12n_139,14,1,28,181,268435456,6.742775440216064e-07,-20.500154112916796,0.021358013153076172,
12n_14,12,1,24,110,16777216,6.556510925292969e-06,-17.218640286475342,0.010706186294555664,
12n_140,14,1,28,151,268435456,5.62518835067749e-07,-20.761595260674923,0.047518253326416016,
12n_141,14,1,28,187,268435456,6.966292858123779e-07,-20.453105540112364,0.022481203079223633,
12n_142,12,1,24,107,16777216,6.377696990966797e-06,-17.258533013598854,0.016109704971313477,
12n_143,12,1,24,104,16777216,6.198883056640625e-06,-17.29956028185891,0.014405250549316406,
12n_144,14,1,28,156,268435456,5.811452865600586e-07,-20.71459778113775,0.004667997360229492,
12n_145,14,1,28,138,268435456,5.140900611877441e-07,-20.89147554322183,0.01467275619506836,
12n_148,13,1,26,116,67108864,1.7285346984863281e-06,-19.142019004872427,0.01041102409362793,
12n_15,12,1,24,130,16777216,7.748603820800781e-06,-16.977632186971547,0.010781526565551758,
12n_150,12,1,24,116,16777216,6.9141387939453125e-06,-17.142019004872427,0.013546228408813477,
12n_151,12,1,24,122,16777216,7.271766662597656e-06,-17.06926266243711,0.00853276252746582,
12n_152,12,1,24,112,16777216,6.67572021484375e-06,-17.192645077942394,0.01382899284362793,
12n_156,12,1,24,109,16777216,6.496906280517578e-06,-17.231815675223075,0.009189367294311523,
12n_157,12,1,24,105,16777216,6.258487701416016e-06,-17.28575448233388,0.01504826545715332,
12n_158,14,1,28,166,268435456,6.183981895446777e-07,-20.624960568653076,0.019362449645996094,
12n_16,12,1,24,114,16777216,6.794929504394531e-06,-17.16710998583526,0.007458686828613281,
12n_160,12,1,24,118,16777216,7.033348083496094e-06,-17.117356950638158,0.00795125961303711,
12n_161,12,1,24,133,16777216,7.927417755126953e-06,-16.94471756449881,0.013085126876831055,
12n_162,12,1,24,131,16777216,7.808208465576172e-06,-16.96657699846255,0.007651805877685547,
12n_163,12,1,24,120,16777216,7.152557373046875e-06,-17.09310940439148,0.012475728988647461,
12n_164,12,1,24,125,16777216,7.450580596923828e-06,-17.034215715337915,0.007790565490722656,
12n_165,12,1,24,119,16777216,7.092952728271484e-06,-17.105182236692055,0.013045310974121094,
12n_168,13,1,26,154,67108864,2.294778823852539e-06,-18.733213459305098,0.008785724639892578,
12n_17,13,1,26,159,67108864,2.3692846298217773e-06,-18.687117044715645,0.020920276641845703,
12n_172,12,1,24,130,16777216,7.748603820800781e-06,-16.977632186971547,0.01266169548034668,
12n_173,14,1,28,183,268435456,6.817281246185303e-07,-20.484300161715957,0.02507781982421875,
12n_174,14,1,28,165,268435456,6.146728992462158e-07,-20.633677785754184,0.016002178192138672,
12n_175,14,1,28,143,268435456,5.327165126800537e-07,-20.840128663221613,0.050472259521484375,
12n_178,14,1,28,146,268435456,5.438923835754395e-07,-20.81017544111998,0.012109518051147461,
12n_179,16,1,32,260,4294967296,6.05359673500061e-08,-23.977632186971547,0.16193914413452148,
12n_18,13,1,26,163,67108864,2.428889274597168e-06,-18.651271845768925,0.007927179336547852,
12n_182,12,1,24,117,16777216,6.973743438720703e-06,-17.129635280416593,0.009117841720581055,
12n_183,12,1,24,107,16777216,6.377696990966797e-06,-17.258533013598854,0.013268232345581055,
12n_184,14,1,28,188,268435456,7.003545761108398e-07,-20.445411148322364,0.017212390899658203,
12n_185,13,1,26,147,67108864,2.1904706954956055e-06,-18.800327655163635,0.009499549865722656,
12n_186,13,1,26,147,67108864,2.1904706954956055e-06,-18.800327655163635,0.024111032485961914,
12n_187,13,1,26,139,67108864,2.0712614059448242e-06,-18.88105892727649,0.01717853546142578,
12n_188,13,1,26,139,67108864,2.0712614059448242e-06,-18.88105892727649,0.008483171463012695,
12n_189,13,1,26,135,67108864,2.0116567611694336e-06,-18.92318440294917,0.013731956481933594,
12n_19,13,1,26,172,67108864,2.562999725341797e-06,-18.573735245297904,0.020035743713378906,
12n_190,12,1,24,125,16777216,7.450580596923828e-06,-17.034215715337915,0.006194114685058594,
12n_191,12,1,24,134,16777216,7.987022399902344e-06,-16.933910809542226,0.019540071487426758,
12n_192,13,1,26,150,67108864,2.2351741790771484e-06,-18.77118130950412,0.008729219436645508,
12n_198,12,1,24,102,16777216,6.079673767089844e-06,-17.327574658028503,0.008755922317504883,
12n_199,13,1,26,116,67108864,1.7285346984863281e-06,-19.142019004872427,0.0031080245971679688,
12n_2,12,1,24,125,16777216,7.450580596923828e-06,-17.034215715337915,0.00860142707824707,
12n_20,13,1,26,111,67108864,1.6540288925170898e-06,-19.205584133649893,0.012230396270751953,
12n_204,14,1,28,156,268435456,5.811452865600586e-07,-20.71459778113775,0.02062201499938965,
12n_205,14,1,28,198,268435456,7.37607479095459e-07,-20.37064337992039,0.02583765983581543,
12n_206,14,1,28,167,268435456,6.221234798431396e-07,-20.61629570752595,0.048543453216552734,
12n_207,14,1,28,151,268435456,5.62518835067749e-07,-20.761595260674923,0.018895864486694336,
12n_211,14,1,28,160,268435456,5.960464477539062e-07,-20.67807190511264,0.023729562759399414,
12n_218,12,1,24,110,16777216,6.556510925292969e-06,-17.218640286475342,0.00877690315246582,
12n_219,14,1,28,193,268435456,7.189810276031494e-07,-20.40754296273192,0.026801586151123047,
12n_22,12,1,24,116,16777216,6.9141387939453125e-06,-17.142019004872427,0.009288549423217773,
12n_220,12,1,24,101,16777216,6.020069122314453e-06,-17.341788517248204,0.007514476776123047,
12n_226,14,1,28,191,268435456,7.115304470062256e-07,-20.42257117196425,0.023466110229492188,
12n_227,14,1,28,172,268435456,6.407499313354492e-07,-20.573735245297904,0.01499485969543457,
12n_228,14,1,28,148,268435456,5.513429641723633e-07,-20.79054663437105,0.049530029296875,
12n_229,12,1,24,137,16777216,8.165836334228516e-06,-16.901967917039475,0.008681535720825195,
12n_230,13,1,26,148,67108864,2.205371856689453e-06,-18.79054663437105,0.010923385620117188,
12n_233,12,1,24,141,16777216,8.404254913330078e-06,-16.860448647601206,0.010431289672851562,
12n_234,12,1,24,157,16777216,9.357929229736328e-06,-16.705379251108372,0.01660895347595215,
12n_235,12,1,24,167,16777216,9.953975677490234e-06,-16.61629570752595,0.010322332382202148,
12n_24,12,1,24,103,16777216,6.139278411865234e-06,-17.31349947281678,0.004853487014770508,
12n_242,12,1,24,154,16777216,9.179115295410156e-06,-16.733213459305098,0.015778779983520508,
12n_25,12,1,24,92,16777216,5.4836273193359375e-06,-17.476438043942988,0.007955789566040039,
12n_261,12,1,24,121,16777216,7.212162017822266e-06,-17.081136762725407,0.007179737091064453,
12n_269,14,1,28,150,268435456,5.587935447692871e-07,-20.77118130950412,0.024706363677978516,
12n_27,14,1,28,197,268435456,7.338821887969971e-07,-20.377948180543623,0.061585426330566406,
12n_271,12,1,24,107,16777216,6.377696990966797e-06,-17.258533013598854,0.005175113677978516,
12n_272,14,1,28,135,268435456,5.029141902923584e-07,-20.92318440294917,0.05125927925109863,
12n_273,12,1,24,101,16777216,6.020069122314453e-06,-17.341788517248204,0.009552478790283203,
12n_276,13,1,26,109,67108864,1.6242265701293945e-06,-19.231815675223075,0.023702144622802734,
12n_281,14,1,28,152,268435456,5.662441253662109e-07,-20.752072486556415,0.022372007369995117,
12n_282,12,1,24,93,16777216,5.543231964111328e-06,-17.46084118889197,0.003843069076538086,
12n_283,12,1,24,103,16777216,6.139278411865234e-06,-17.31349947281678,0.00926518440246582,
12n_284,13,1,26,131,67108864,1.952052116394043e-06,-18.96657699846255,0.016967296600341797,
12n_285,12,1,24,84,16777216,5.0067901611328125e-06,-17.60768257722124,0.004885196685791016,
12n_287,12,1,24,115,16777216,6.854534149169922e-06,-17.154509949055626,0.006480693817138672,
12n_290,13,1,26,152,67108864,2.2649765014648438e-06,-18.752072486556415,0.039276123046875,
12n_294,12,1,24,128,16777216,7.62939453125e-06,-17.0,0.008050203323364258,
12n_295,12,1,24,103,16777216,6.139278411865234e-06,-17.31349947281678,0.004294395446777344,
12n_296,12,1,24,112,16777216,6.67572021484375e-06,-17.192645077942394,0.00986790657043457,
12n_298,12,1,24,105,16777216,6.258487701416016e-06,-17.28575448233388,0.0037560462951660156,
12n_3,12,1,24,130,16777216,7.748603820800781e-06,-16.977632186971547,0.003710508346557617,
12n_30,14,1,28,203,268435456,7.562339305877686e-07,-20.334664082814825,0.01645207405090332,
12n_300,12,1,24,107,16777216,6.377696990966797e-06,-17.258533013598854,0.004348039627075195,
12n_301,12,1,24,126,16777216,7.510185241699219e-06,-17.022720076500082,0.01010751724243164,
12n_302,14,1,28,184,268435456,6.854534149169922e-07,-20.476438043942988,0.019043445587158203,
12n_303,13,1,26,158,67108864,2.3543834686279297e-06,-18.696219251822896,0.01819014549255371,
12n_309,13,1,26,107,67108864,1.5944242477416992e-06,-19.258533013598854,0.010332345962524414,
12n_312,12,1,24,121,16777216,7.212162017822266e-06,-17.081136762725407,0.008922815322875977,
12n_314,12,1,24,94,16777216,5.602836608886719e-06,-17.445411148322364,0.003705739974975586,
12n_315,13,1,26,114,67108864,1.6987323760986328e-06,-19.16710998583526,0.016871929168701172,
12n_316,13,1,26,139,67108864,2.0712614059448242e-06,-18.88105892727649,0.02261209487915039,
12n_318,13,1,26,100,67108864,1.4901161193847656e-06,-19.356143810225277,0.0037724971771240234,
12n_326,13,1,26,136,67108864,2.0265579223632812e-06,-18.91253715874966,0.012943029403686523,
12n_327,13,1,26,133,67108864,1.9818544387817383e-06,-18.94471756449881,0.019864797592163086,
12n_328,13,1,26,97,67108864,1.4454126358032227e-06,-19.400087157812873,0.028857707977294922,
12n_329,13,1,26,109,67108864,1.6242265701293945e-06,-19.231815675223075,0.004415035247802734,
12n_33,12,1,24,116,16777216,6.9141387939453125e-06,-17.142019004872427,0.008736848831176758,
12n_336,14,1,28,174,268435456,6.48200511932373e-07,-20.557056504151273,0.021386146545410156,
12n_337,14,1,28,157,268435456,5.848705768585205e-07,-20.705379251108372,0.018404245376586914,
12n_340,13,1,26,146,67108864,2.175569534301758e-06,-18.81017544111998,0.02222728729248047,
12n_344,12,1,24,125,16777216,7.450580596923828e-06,-17.034215715337915,0.005874156951904297,
12n_345,12,1,24,120,16777216,7.152557373046875e-06,-17.09310940439148,0.009312629699707031,
12n_346,13,1,26,147,67108864,2.1904706954956055e-06,-18.800327655163635,0.00783395767211914,
12n_347,13,1,26,97,67108864,1.4454126358032227e-06,-19.400087157812873,0.0349881649017334,
12n_348,12,1,24,108,16777216,6.4373016357421875e-06,-17.24511249783653,0.008765935897827148,
12n_349,12,1,24,94,16777216,5.602836608886719e-06,-17.445411148322364,0.004547834396362305,
12n_35,12,1,24,116,16777216,6.9141387939453125e-06,-17.142019004872427,0.006290912628173828,
12n_350,12,1,24,103,16777216,6.139278411865234e-06,-17.31349947281678,0.005187273025512695,
12n_351,12,1,24,110,16777216,6.556510925292969e-06,-17.218640286475342,0.00635075569152832,
12n_352,12,1,24,98,16777216,5.841255187988281e-06,-17.385290155884793,0.007115840911865234,
12n_353,12,1,24,104,16777216,6.198883056640625e-06,-17.29956028185891,0.007454872131347656,
12n_354,12,1,24,105,16777216,6.258487701416016e-06,-17.28575448233388,0.01152801513671875,
12n_355,12,1,24,92,16777216,5.4836273193359375e-06,-17.476438043942988,0.003065347671508789,
12n_356,12,1,24,83,16777216,4.947185516357422e-06,-17.624960568653076,0.0019822120666503906,
12n_357,14,1,28,150,268435456,5.587935447692871e-07,-20.77118130950412,0.011731624603271484,
12n_36,12,1,24,127,16777216,7.569789886474609e-06,-17.011315313227833,0.007136344909667969,
12n_362,13,1,26,112,67108864,1.6689300537109375e-06,-19.192645077942394,0.013731956481933594,
12n_363,12,1,24,102,16777216,6.079673767089844e-06,-17.327574658028503,0.007680654525756836,
12n_366,13,1,26,116,67108864,1.7285346984863281e-06,-19.142019004872427,0.013587474822998047,
12n_367,14,1,28,144,268435456,5.364418029785156e-07,-20.830074998557688,0.013558387756347656,
12n_368,13,1,26,136,67108864,2.0265579223632812e-06,-18.91253715874966,0.010000467300415039,
12n_369,13,1,26,134,67108864,1.996755599975586e-06,-18.933910809542226,0.011030197143554688,
12n_37,12,1,24,116,16777216,6.9141387939453125e-06,-17.142019004872427,0.010121345520019531,
12n_370,13,1,26,140,67108864,2.086162567138672e-06,-18.870716983055033,0.05277204513549805,
12n_371,13,1,26,110,67108864,1.6391277313232422e-06,-19.218640286475342,0.014132022857666016,
12n_372,13,1,26,108,67108864,1.6093254089355469e-06,-19.24511249783653,0.017830371856689453,
12n_373,13,1,26,106,67108864,1.5795230865478516e-06,-19.272079545436803,0.012334108352661133,
12n_375,13,1,26,107,67108864,1.5944242477416992e-06,-19.258533013598854,0.023430824279785156,
12n_376,13,1,26,138,67108864,2.0563602447509766e-06,-18.89147554322183,0.06036019325256348,
12n_377,13,1,26,115,67108864,1.7136335372924805e-06,-19.154509949055626,0.047170400619506836,
12n_38,12,1,24,119,16777216,7.092952728271484e-06,-17.105182236692055,0.00601506233215332,
12n_385,13,1,26,117,67108864,1.7434358596801758e-06,-19.129635280416593,0.04555320739746094,
12n_387,12,1,24,124,16777216,7.3909759521484375e-06,-17.045803689613123,0.012158632278442383,
12n_388,12,1,24,120,16777216,7.152557373046875e-06,-17.09310940439148,0.0070209503173828125,
12n_389,12,1,24,116,16777216,6.9141387939453125e-06,-17.142019004872427,0.016127347946166992,
12n_39,12,1,24,123,16777216,7.331371307373047e-06,-17.05748549466076,0.007263660430908203,
12n_390,13,1,26,110,67108864,1.6391277313232422e-06,-19.218640286475342,0.010695457458496094,
12n_392,14,1,28,159,268435456,5.923211574554443e-07,-20.687117044715645,0.009614944458007812,
12n_395,14,1,28,144,268435456,5.364418029785156e-07,-20.830074998557688,0.06926798820495605,
12n_396,14,1,28,166,268435456,6.183981895446777e-07,-20.624960568653076,0.011365413665771484,
12n_397,12,1,24,110,16777216,6.556510925292969e-06,-17.218640286475342,0.007117033004760742,
12n_398,12,1,24,98,16777216,5.841255187988281e-06,-17.385290155884793,0.004528045654296875,
12n_399,12,1,24,106,16777216,6.318092346191406e-06,-17.272079545436803,0.006611347198486328,
12n_4,12,1,24,94,16777216,5.602836608886719e-06,-17.445411148322364,0.011518716812133789,
12n_40,12,1,24,121,16777216,7.212162017822266e-06,-17.081136762725407,0.00922536849975586,
12n_400,12,1,24,103,16777216,6.139278411865234e-06,-17.31349947281678,0.0047643184661865234,
12n_401,12,1,24,116,16777216,6.9141387939453125e-06,-17.142019004872427,0.0070264339447021484,
12n_402,13,1,26,118,67108864,1.7583370208740234e-06,-19.117356950638158,0.010359048843383789,
12n_403,12,1,24,100,16777216,5.9604644775390625e-06,-17.356143810225277,0.010296344757080078,
12n_405,12,1,24,112,16777216,6.67572021484375e-06,-17.192645077942394,0.008753299713134766,
12n_407,13,1,26,109,67108864,1.6242265701293945e-06,-19.231815675223075,0.04611563682556152,
12n_408,14,1,28,152,268435456,5.662441253662109e-07,-20.752072486556415,0.008423328399658203,
12n_409,13,1,26,116,67108864,1.7285346984863281e-06,-19.142019004872427,0.013345479965209961,
12n_41,12,1,24,103,16777216,6.139278411865234e-06,-17.31349947281678,0.004416704177856445,
12n_416,13,1,26,136,67108864,2.0265579223632812e-06,-18.91253715874966,0.009713888168334961,
12n_417,12,1,24,105,16777216,6.258487701416016e-06,-17.28575448233388,0.006665229797363281,
12n_418,13,1,26,143,67108864,2.130866050720215e-06,-18.840128663221613,0.04680275917053223,
12n_419,13,1,26,117,67108864,1.7434358596801758e-06,-19.129635280416593,0.011274099349975586,
12n_42,12,1,24,108,16777216,6.4373016357421875e-06,-17.24511249783653,0.005592823028564453,
12n_420,14,1,28,138,268435456,5.140900611877441e-07,-20.89147554322183,0.06401896476745605,
12n_423,14,1,28,154,268435456,5.736947059631348e-07,-20.733213459305098,0.038987159729003906,
12n_424,13,1,26,136,67108864,2.0265579223632812e-06,-18.91253715874966,0.0187380313873291,
12n_425,13,1,26,111,67108864,1.6540288925170898e-06,-19.205584133649893,0.004028797149658203,
12n_426,13,1,26,89,67108864,1.3262033462524414e-06,-19.524266569033603,0.030321836471557617,
12n_427,13,1,26,134,67108864,1.996755599975586e-06,-18.933910809542226,0.010001659393310547,
12n_428,13,1,26,137,67108864,2.041459083557129e-06,-18.901967917039475,0.05545949935913086,
12n_43,12,1,24,124,16777216,7.3909759521484375e-06,-17.045803689613123,0.010389328002929688,
12n_431,14,1,28,176,268435456,6.556510925292969e-07,-20.540568381362704,0.02338886260986328,
12n_433,14,1,28,124,268435456,4.6193599700927734e-07,-21.045803689613123,0.00755620002746582,
12n_434,12,1,24,108,16777216,6.4373016357421875e-06,-17.24511249783653,0.007122993469238281,
12n_435,14,1,28,134,268435456,4.991888999938965e-07,-20.933910809542226,0.05131387710571289,
12n_436,12,1,24,97,16777216,5.781650543212891e-06,-17.400087157812873,0.010603666305541992,
12n_437,14,1,28,148,268435456,5.513429641723633e-07,-20.79054663437105,0.00962686538696289,
12n_438,13,1,26,113,67108864,1.6838312149047852e-06,-19.179821037584812,0.016720056533813477,
12n_439,13,1,26,93,67108864,1.385807991027832e-06,-19.46084118889197,0.0042896270751953125,
12n_44,12,1,24,114,16777216,6.794929504394531e-06,-17.16710998583526,0.006980180740356445,
12n_441,13,1,26,107,67108864,1.5944242477416992e-06,-19.258533013598854,0.0134429931640625,
12n_446,12,1,24,98,16777216,5.841255187988281e-06,-17.385290155884793,0.014603376388549805,
12n_448,14,1,28,150,268435456,5.587935447692871e-07,-20.77118130950412,0.050807952880859375,
12n_449,12,1,24,99,16777216,5.900859832763672e-06,-17.37064337992039,0.008814573287963867,
12n_45,12,1,24,109,16777216,6.496906280517578e-06,-17.231815675223075,0.0050547122955322266,
12n_450,12,1,24,101,16777216,6.020069122314453e-06,-17.341788517248204,0.004729509353637695,
12n_451,13,1,26,103,67108864,1.5348196029663086e-06,-19.31349947281678,0.030353069305419922,
12n_454,13,1,26,138,67108864,2.0563602447509766e-06,-18.89147554322183,0.010410547256469727,
12n_456,14,1,28,184,268435456,6.854534149169922e-07,-20.476438043942988,0.015783071517944336,
12n_458,12,1,24,115,16777216,6.854534149169922e-06,-17.154509949055626,0.006379365921020508,
12n_459,12,1,24,109,16777216,6.496906280517578e-06,-17.231815675223075,0.009377717971801758,
12n_460,12,1,24,97,16777216,5.781650543212891e-06,-17.400087157812873,0.004143953323364258,
12n_461,12,1,24,102,16777216,6.079673767089844e-06,-17.327574658028503,0.007097482681274414,
12n_462,12,1,24,86,16777216,5.125999450683594e-06,-17.573735245297904,0.005482196807861328,
12n_463,12,1,24,104,16777216,6.198883056640625e-06,-17.29956028185891,0.007671356201171875,
12n_465,14,1,28,150,268435456,5.587935447692871e-07,-20.77118130950412,0.0556180477142334,
12n_466,12,1,24,116,16777216,6.9141387939453125e-06,-17.142019004872427,0.00814962387084961,
12n_467,12,1,24,143,16777216,8.52346420288086e-06,-16.840128663221613,0.01811075210571289,
12n_468,12,1,24,145,16777216,8.64267349243164e-06,-16.820090909985066,0.009416341781616211,
12n_472,12,1,24,140,16777216,8.344650268554688e-06,-16.870716983055033,0.01508021354675293,
12n_475,13,1,26,92,67108864,1.3709068298339844e-06,-19.476438043942988,0.007483005523681641,
12n_480,12,1,24,96,16777216,5.7220458984375e-06,-17.415037499278846,0.00527191162109375,
12n_481,12,1,24,96,16777216,5.7220458984375e-06,-17.415037499278846,0.004086732864379883,
12n_482,12,1,24,93,16777216,5.543231964111328e-06,-17.46084118889197,0.004549741744995117,
12n_484,13,1,26,138,67108864,2.0563602447509766e-06,-18.89147554322183,0.009169578552246094,
12n_487,13,1,26,95,67108864,1.4156103134155273e-06,-19.430144391669053,0.003515958786010742,
12n_488,13,1,26,108,67108864,1.6093254089355469e-06,-19.24511249783653,0.02536296844482422,
12n_491,14,1,28,178,268435456,6.631016731262207e-07,-20.524266569033603,0.031006336212158203,
12n_494,12,1,24,104,16777216,6.198883056640625e-06,-17.29956028185891,0.010596036911010742,
12n_495,14,1,28,180,268435456,6.705522537231445e-07,-20.508146903670326,0.019757509231567383,
12n_496,12,1,24,104,16777216,6.198883056640625e-06,-17.29956028185891,0.007986068725585938,
12n_497,14,1,28,183,268435456,6.817281246185303e-07,-20.484300161715957,0.05161404609680176,
12n_499,12,1,24,99,16777216,5.900859832763672e-06,-17.37064337992039,0.0075778961181640625,
12n_5,14,1,28,156,268435456,5.811452865600586e-07,-20.71459778113775,0.010668754577636719,
12n_504,12,1,24,114,16777216,6.794929504394531e-06,-17.16710998583526,0.010440826416015625,
12n_505,12,1,24,125,16777216,7.450580596923828e-06,-17.034215715337915,0.00843358039855957,
12n_506,14,1,28,142,268435456,5.289912223815918e-07,-20.85025288049532,0.05051994323730469,
12n_507,14,1,28,146,268435456,5.438923835754395e-07,-20.81017544111998,0.04915666580200195,
12n_508,13,1,26,136,67108864,2.0265579223632812e-06,-18.91253715874966,0.013300418853759766,
12n_509,12,1,24,104,16777216,6.198883056640625e-06,-17.29956028185891,0.008519411087036133,
12n_510,12,1,24,104,16777216,6.198883056640625e-06,-17.29956028185891,0.0073604583740234375,
12n_514,13,1,26,120,67108864,1.7881393432617188e-06,-19.09310940439148,0.011609077453613281,
12n_517,13,1,26,147,67108864,2.1904706954956055e-06,-18.800327655163635,0.010894536972045898,
12n_518,13,1,26,104,67108864,1.5497207641601562e-06,-19.29956028185891,0.046294450759887695,
12n_52,14,1,28,150,268435456,5.587935447692871e-07,-20.77118130950412,0.020175695419311523,
12n_521,12,1,24,103,16777216,6.139278411865234e-06,-17.31349947281678,0.008676290512084961,
12n_522,13,1,26,120,67108864,1.7881393432617188e-06,-19.09310940439148,0.016382694244384766,
12n_525,15,1,30,170,1073741824,1.5832483768463135e-07,-22.5906090638623,0.030765056610107422,
12n_526,13,1,26,114,67108864,1.6987323760986328e-06,-19.16710998583526,0.008216142654418945,
12n_528,13,1,26,104,67108864,1.5497207641601562e-06,-19.29956028185891,0.017416715621948242,
12n_529,14,1,28,157,268435456,5.848705768585205e-07,-20.705379251108372,0.025856733322143555,
12n_531,13,1,26,135,67108864,2.0116567611694336e-06,-18.92318440294917,0.012555122375488281,
12n_533,13,1,26,134,67108864,1.996755599975586e-06,-18.933910809542226,0.01679372787475586,
12n_536,13,1,26,114,67108864,1.6987323760986328e-06,-19.16710998583526,0.018006086349487305,
12n_538,13,1,26,129,67108864,1.9222497940063477e-06,-18.988772744576746,0.01834869384765625,
12n_539,13,1,26,129,67108864,1.9222497940063477e-06,-18.988772744576746,0.012885332107543945,
12n_54,13,1,26,129,67108864,1.9222497940063477e-06,-18.988772744576746,0.018201351165771484,
12n_542,14,1,28,141,268435456,5.252659320831299e-07,-20.860448647601206,0.1200721263885498,
12n_543,13,1,26,134,67108864,1.996755599975586e-06,-18.933910809542226,0.011938095092773438,
12n_548,13,1,26,112,67108864,1.6689300537109375e-06,-19.192645077942394,0.007561922073364258,
12n_549,13,1,26,141,67108864,2.1010637283325195e-06,-18.860448647601206,0.009275197982788086,
12n_552,12,1,24,102,16777216,6.079673767089844e-06,-17.327574658028503,0.013375997543334961,
12n_555,16,1,32,216,4294967296,5.029141902923584e-08,-24.24511249783653,0.04008960723876953,
12n_558,16,1,32,233,4294967296,5.4249539971351624e-08,-24.13581385534572,0.06093716621398926,
12n_570,12,1,24,148,16777216,8.821487426757812e-06,-16.79054663437105,0.01101827621459961,
12n_571,12,1,24,144,16777216,8.58306884765625e-06,-16.830074998557688,0.01913905143737793,
12n_574,12,1,24,144,16777216,8.58306884765625e-06,-16.830074998557688,0.014502525329589844,
12n_577,13,1,26,114,67108864,1.6987323760986328e-06,-19.16710998583526,0.009617090225219727,
12n_579,12,1,24,96,16777216,5.7220458984375e-06,-17.415037499278846,0.004703521728515625,
12n_582,14,1,28,98,268435456,3.650784492492676e-07,-21.385290155884793,0.010779380798339844,
12n_584,14,1,28,133,268435456,4.954636096954346e-07,-20.94471756449881,0.008561134338378906,
12n_586,14,1,28,163,268435456,6.07222318649292e-07,-20.651271845768925,0.061966896057128906,
12n_587,14,1,28,147,268435456,5.476176738739014e-07,-20.800327655163635,0.03287553787231445,
12n_59,12,1,24,100,16777216,5.9604644775390625e-06,-17.356143810225277,0.014394998550415039,
12n_590,13,1,26,169,67108864,2.518296241760254e-06,-18.599120563717815,0.026668310165405273,
12n_591,13,1,26,94,67108864,1.4007091522216797e-06,-19.445411148322364,0.02734375,
12n_592,13,1,26,166,67108864,2.473592758178711e-06,-18.624960568653076,0.018742799758911133,
12n_598,14,1,28,145,268435456,5.401670932769775e-07,-20.820090909985066,0.010191917419433594,
12n_599,13,1,26,117,67108864,1.7434358596801758e-06,-19.129635280416593,0.026775360107421875,
12n_6,14,1,28,164,268435456,6.109476089477539e-07,-20.642447995381914,0.013730525970458984,
12n_60,12,1,24,126,16777216,7.510185241699219e-06,-17.022720076500082,0.009383201599121094,
12n_601,16,1,32,200,4294967296,4.6566128730773926e-08,-24.356143810225277,0.046414852142333984,
12n_602,14,1,28,138,268435456,5.140900611877441e-07,-20.89147554322183,0.05857443809509277,
12n_603,13,1,26,105,67108864,1.564621925354004e-06,-19.28575448233388,0.029791831970214844,
12n_604,12,1,24,120,16777216,7.152557373046875e-06,-17.09310940439148,0.006410837173461914,
12n_605,13,1,26,136,67108864,2.0265579223632812e-06,-18.91253715874966,0.01966118812561035,
12n_609,13,1,26,132,67108864,1.9669532775878906e-06,-18.955605880641546,0.02039957046508789,
12n_61,14,1,28,184,268435456,6.854534149169922e-07,-20.476438043942988,0.012495994567871094,
12n_610,13,1,26,136,67108864,2.0265579223632812e-06,-18.91253715874966,0.0207974910736084,
12n_612,12,1,24,107,16777216,6.377696990966797e-06,-17.258533013598854,0.009096622467041016,
12n_613,14,1,28,170,268435456,6.332993507385254e-07,-20.5906090638623,0.02571845054626465,
12n_614,12,1,24,114,16777216,6.794929504394531e-06,-17.16710998583526,0.0066640377044677734,
12n_615,14,1,28,168,268435456,6.258487701416016e-07,-20.60768257722124,0.022520780563354492,
12n_616,12,1,24,104,16777216,6.198883056640625e-06,-17.29956028185891,0.007481098175048828,
12n_617,12,1,24,94,16777216,5.602836608886719e-06,-17.445411148322364,0.005269289016723633,
12n_618,12,1,24,105,16777216,6.258487701416016e-06,-17.28575448233388,0.010630369186401367,
12n_619,12,1,24,106,16777216,6.318092346191406e-06,-17.272079545436803,0.006574153900146484,
12n_621,14,1,28,152,268435456,5.662441253662109e-07,-20.752072486556415,0.030726194381713867,
12n_622,14,1,28,160,268435456,5.960464477539062e-07,-20.67807190511264,0.07403087615966797,
12n_623,14,1,28,156,268435456,5.811452865600586e-07,-20.71459778113775,0.11459517478942871,
12n_624,13,1,26,125,67108864,1.862645149230957e-06,-19.034215715337915,0.015617847442626953,
12n_625,14,1,28,157,268435456,5.848705768585205e-07,-20.705379251108372,0.017298460006713867,
12n_627,13,1,26,122,67108864,1.817941665649414e-06,-19.06926266243711,0.008820772171020508,
12n_628,14,1,28,132,268435456,4.917383193969727e-07,-20.955605880641546,0.039270877838134766,
12n_629,12,1,24,91,16777216,5.424022674560547e-06,-17.492205359801304,0.01739954948425293,
12n_630,12,1,24,85,16777216,5.066394805908203e-06,-17.5906090638623,0.01914811134338379,
12n_631,12,1,24,99,16777216,5.900859832763672e-06,-17.37064337992039,0.006928920745849609,
12n_632,12,1,24,111,16777216,6.616115570068359e-06,-17.205584133649893,0.007540702819824219,
12n_634,12,1,24,104,16777216,6.198883056640625e-06,-17.29956028185891,0.008919715881347656,
12n_635,14,1,28,170,268435456,6.332993507385254e-07,-20.5906090638623,0.028299570083618164,
12n_636,12,1,24,105,16777216,6.258487701416016e-06,-17.28575448233388,0.009187459945678711,
12n_639,13,1,26,127,67108864,1.8924474716186523e-06,-19.011315313227833,0.028975248336791992,
12n_64,14,1,28,166,268435456,6.183981895446777e-07,-20.624960568653076,0.01582050323486328,
12n_640,12,1,24,112,16777216,6.67572021484375e-06,-17.192645077942394,0.0066411495208740234,
12n_641,13,1,26,152,67108864,2.2649765014648438e-06,-18.752072486556415,0.014388322830200195,
12n_642,18,1,36,254,68719476736,3.6961864680051804e-09,-28.011315313227833,1.0472536087036133,
12n_646,13,1,26,158,67108864,2.3543834686279297e-06,-18.696219251822896,0.018966197967529297,
12n_647,12,1,24,109,16777216,6.496906280517578e-06,-17.231815675223075,0.009858846664428711,
12n_648,13,1,26,161,67108864,2.3990869522094727e-06,-18.669083121885382,0.008772611618041992,
12n_649,13,1,26,126,67108864,1.8775463104248047e-06,-19.022720076500082,0.018062114715576172,
12n_652,13,1,26,130,67108864,1.9371509552001953e-06,-18.977632186971547,0.013992547988891602,
12n_653,13,1,26,152,67108864,2.2649765014648438e-06,-18.752072486556415,0.023929357528686523,
12n_657,13,1,26,160,67108864,2.384185791015625e-06,-18.67807190511264,0.0195462703704834,
12n_658,13,1,26,147,67108864,2.1904706954956055e-06,-18.800327655163635,0.020368337631225586,
12n_660,13,1,26,114,67108864,1.6987323760986328e-06,-19.16710998583526,0.03137850761413574,
12n_663,14,1,28,150,268435456,5.587935447692871e-07,-20.77118130950412,0.10668540000915527,
12n_664,12,1,24,109,16777216,6.496906280517578e-06,-17.231815675223075,0.011188507080078125,
12n_666,12,1,24,127,16777216,7.569789886474609e-06,-17.011315313227833,0.016544342041015625,
12n_668,13,1,26,126,67108864,1.8775463104248047e-06,-19.022720076500082,0.008678436279296875,
12n_67,12,1,24,124,16777216,7.3909759521484375e-06,-17.045803689613123,0.005772590637207031,
12n_670,13,1,26,153,67108864,2.2798776626586914e-06,-18.74261215730735,0.01644301414489746,
12n_671,13,1,26,130,67108864,1.9371509552001953e-06,-18.977632186971547,0.041536808013916016,
12n_672,16,1,32,216,4294967296,5.029141902923584e-08,-24.24511249783653,0.33420825004577637,
12n_673,13,1,26,156,67108864,2.3245811462402344e-06,-18.71459778113775,0.01571369171142578,
12n_674,12,1,24,130,16777216,7.748603820800781e-06,-16.977632186971547,0.0157315731048584,
12n_675,12,1,24,140,16777216,8.344650268554688e-06,-16.870716983055033,0.010243654251098633,
12n_679,12,1,24,125,16777216,7.450580596923828e-06,-17.034215715337915,0.014942169189453125,
12n_68,12,1,24,126,16777216,7.510185241699219e-06,-17.022720076500082,0.011744976043701172,
12n_681,13,1,26,150,67108864,2.2351741790771484e-06,-18.77118130950412,0.01600027084350586,
12n_682,13,1,26,133,67108864,1.9818544387817383e-06,-18.94471756449881,0.04291176795959473,
12n_683,12,1,24,113,16777216,6.735324859619141e-06,-17.179821037584812,0.00748133659362793,
12n_684,12,1,24,122,16777216,7.271766662597656e-06,-17.06926266243711,0.005865335464477539,
12n_686,13,1,26,152,67108864,2.2649765014648438e-06,-18.752072486556415,0.059503793716430664,
12n_688,12,1,24,117,16777216,6.973743438720703e-06,-17.129635280416593,0.01436161994934082,
12n_69,12,1,24,131,16777216,7.808208465576172e-06,-16.96657699846255,0.007506847381591797,
12n_690,14,1,28,178,268435456,6.631016731262207e-07,-20.524266569033603,0.055162668228149414,
12n_693,14,1,28,165,268435456,6.146728992462158e-07,-20.633677785754184,0.017339468002319336,
12n_694,13,1,26,110,67108864,1.6391277313232422e-06,-19.218640286475342,0.014504194259643555,
12n_695,13,1,26,153,67108864,2.2798776626586914e-06,-18.74261215730735,0.016946077346801758,
12n_696,14,1,28,153,268435456,5.699694156646729e-07,-20.74261215730735,0.031054258346557617,
12n_697,14,1,28,152,268435456,5.662441253662109e-07,-20.752072486556415,0.027575969696044922,
12n_7,12,1,24,134,16777216,7.987022399902344e-06,-16.933910809542226,0.004777431488037109,
12n_70,12,1,24,119,16777216,7.092952728271484e-06,-17.105182236692055,0.011007547378540039,
12n_703,13,1,26,141,67108864,2.1010637283325195e-06,-18.860448647601206,0.017724037170410156,
12n_705,14,1,28,150,268435456,5.587935447692871e-07,-20.77118130950412,0.024361371994018555,
12n_706,12,1,24,82,16777216,4.887580871582031e-06,-17.642447995381914,0.00926971435546875,
12n_707,12,1,24,111,16777216,6.616115570068359e-06,-17.205584133649893,0.006263017654418945,
12n_708,12,1,24,107,16777216,6.377696990966797e-06,-17.258533013598854,0.0072252750396728516,
12n_709,12,1,24,114,16777216,6.794929504394531e-06,-17.16710998583526,0.00902104377746582,
12n_71,14,1,28,177,268435456,6.593763828277588e-07,-20.532394449917003,0.03509163856506348,
12n_711,13,1,26,144,67108864,2.1457672119140625e-06,-18.830074998557688,0.061170101165771484,
12n_717,13,1,26,119,67108864,1.773238182067871e-06,-19.105182236692055,0.015932083129882812,
12n_719,13,1,26,130,67108864,1.9371509552001953e-06,-18.977632186971547,0.022954940795898438,
12n_72,14,1,28,164,268435456,6.109476089477539e-07,-20.642447995381914,0.031401872634887695,
12n_721,12,1,24,143,16777216,8.52346420288086e-06,-16.840128663221613,0.009309053421020508,
12n_722,12,1,24,133,16777216,7.927417755126953e-06,-16.94471756449881,0.01584768295288086,
12n_725,12,1,24,123,16777216,7.331371307373047e-06,-17.05748549466076,0.014453411102294922,
12n_728,13,1,26,118,67108864,1.7583370208740234e-06,-19.117356950638158,0.00990915298461914,
12n_73,12,1,24,105,16777216,6.258487701416016e-06,-17.28575448233388,0.005662679672241211,
12n_730,13,1,26,96,67108864,1.430511474609375e-06,-19.415037499278846,0.01824784278869629,
12n_732,14,1,28,154,268435456,5.736947059631348e-07,-20.733213459305098,0.0308530330657959,
12n_739,13,1,26,126,67108864,1.8775463104248047e-06,-19.022720076500082,0.014630317687988281,
12n_745,14,1,28,135,268435456,5.029141902923584e-07,-20.92318440294917,0.05892682075500488,
12n_747,12,1,24,106,16777216,6.318092346191406e-06,-17.272079545436803,0.009480714797973633,
12n_748,12,1,24,114,16777216,6.794929504394531e-06,-17.16710998583526,0.00689697265625,
12n_749,12,1,24,105,16777216,6.258487701416016e-06,-17.28575448233388,0.009204864501953125,
12n_751,12,1,24,122,16777216,7.271766662597656e-06,-17.06926266243711,0.010641336441040039,
12n_754,13,1,26,138,67108864,2.0563602447509766e-06,-18.89147554322183,0.01928877830505371,
12n_755,14,1,28,148,268435456,5.513429641723633e-07,-20.79054663437105,0.05425000190734863,
12n_757,16,1,32,216,4294967296,5.029141902923584e-08,-24.24511249783653,0.12778663635253906,
12n_76,13,1,26,144,67108864,2.1457672119140625e-06,-18.830074998557688,0.009816169738769531,
12n_761,14,1,28,150,268435456,5.587935447692871e-07,-20.77118130950412,0.03684735298156738,
12n_762,14,1,28,183,268435456,6.817281246185303e-07,-20.484300161715957,0.013607025146484375,
12n_763,16,1,32,210,4294967296,4.889443516731262e-08,-24.28575448233388,0.034384727478027344,
12n_767,12,1,24,124,16777216,7.3909759521484375e-06,-17.045803689613123,0.007714271545410156,
12n_768,13,1,26,107,67108864,1.5944242477416992e-06,-19.258533013598854,0.007468700408935547,
12n_775,14,1,28,156,268435456,5.811452865600586e-07,-20.71459778113775,0.02764892578125,
12n_776,14,1,28,158,268435456,5.885958671569824e-07,-20.696219251822896,0.02362656593322754,
12n_780,14,1,28,158,268435456,5.885958671569824e-07,-20.696219251822896,0.030394554138183594,
12n_781,13,1,26,122,67108864,1.817941665649414e-06,-19.06926266243711,0.008820772171020508,
12n_784,14,1,28,153,268435456,5.699694156646729e-07,-20.74261215730735,0.03714752197265625,
12n_787,13,1,26,143,67108864,2.130866050720215e-06,-18.840128663221613,0.061530113220214844,
12n_79,14,1,28,151,268435456,5.62518835067749e-07,-20.761595260674923,0.009787797927856445,
12n_790,13,1,26,120,67108864,1.7881393432617188e-06,-19.09310940439148,0.009439229965209961,
12n_791,13,1,26,121,67108864,1.8030405044555664e-06,-19.081136762725407,0.025288820266723633,
12n_792,13,1,26,146,67108864,2.175569534301758e-06,-18.81017544111998,0.05293440818786621,
12n_798,14,1,28,128,268435456,4.76837158203125e-07,-21.0,0.05140185356140137,
12n_8,12,1,24,114,16777216,6.794929504394531e-06,-17.16710998583526,0.00827932357788086,
12n_800,13,1,26,120,67108864,1.7881393432617188e-06,-19.09310940439148,0.005101203918457031,
12n_802,13,1,26,133,67108864,1.9818544387817383e-06,-18.94471756449881,0.017240524291992188,
12n_803,13,1,26,142,67108864,2.115964889526367e-06,-18.85025288049532,0.009705543518066406,
12n_804,13,1,26,126,67108864,1.8775463104248047e-06,-19.022720076500082,0.056241750717163086,
12n_818,14,1,28,135,268435456,5.029141902923584e-07,-20.92318440294917,0.06946039199829102,
12n_820,12,1,24,106,16777216,6.318092346191406e-06,-17.272079545436803,0.0099029541015625,
12n_821,12,1,24,100,16777216,5.9604644775390625e-06,-17.356143810225277,0.009018421173095703,
12n_822,12,1,24,106,16777216,6.318092346191406e-06,-17.272079545436803,0.012897968292236328,
12n_826,14,1,28,150,268435456,5.587935447692871e-07,-20.77118130950412,0.024720191955566406,
12n_827,13,1,26,143,67108864,2.130866050720215e-06,-18.840128663221613,0.06154298782348633,
12n_829,12,1,24,101,16777216,6.020069122314453e-06,-17.341788517248204,0.007970333099365234,
12n_831,12,1,24,110,16777216,6.556510925292969e-06,-17.218640286475342,0.008614301681518555,
12n_835,13,1,26,101,67108864,1.5050172805786133e-06,-19.341788517248204,0.007025241851806641,
12n_837,12,1,24,96,16777216,5.7220458984375e-06,-17.415037499278846,0.00760340690612793,
12n_838,12,1,24,88,16777216,5.245208740234375e-06,-17.540568381362704,0.015133857727050781,
12n_839,12,1,24,101,16777216,6.020069122314453e-06,-17.341788517248204,0.00521397590637207,
12n_840,12,1,24,102,16777216,6.079673767089844e-06,-17.327574658028503,0.0041046142578125,
12n_842,14,1,28,155,268435456,5.774199962615967e-07,-20.72387559472576,0.031003236770629883,
12n_847,14,1,28,138,268435456,5.140900611877441e-07,-20.89147554322183,0.016108036041259766,
12n_848,13,1,26,117,67108864,1.7434358596801758e-06,-19.129635280416593,0.007126569747924805,
12n_850,12,1,24,120,16777216,7.152557373046875e-06,-17.09310940439148,0.009114503860473633,
12n_852,13,1,26,132,67108864,1.9669532775878906e-06,-18.955605880641546,0.06217312812805176,
12n_857,14,1,28,156,268435456,5.811452865600586e-07,-20.71459778113775,0.01688981056213379,
12n_859,14,1,28,157,268435456,5.848705768585205e-07,-20.705379251108372,0.018099546432495117,
12n_864,13,1,26,132,67108864,1.9669532775878906e-06,-18.955605880641546,0.01921987533569336,
12n_865,13,1,26,134,67108864,1.996755599975586e-06,-18.933910809542226,0.01890110969543457,
12n_866,13,1,26,112,67108864,1.6689300537109375e-06,-19.192645077942394,0.027260303497314453,
12n_870,14,1,28,136,268435456,5.066394805908203e-07,-20.91253715874966,0.03840279579162598,
12n_871,14,1,28,142,268435456,5.289912223815918e-07,-20.85025288049532,0.023371458053588867,
12n_872,14,1,28,161,268435456,5.997717380523682e-07,-20.669083121885382,0.06975197792053223,
12n_873,12,1,24,90,16777216,5.364418029785156e-06,-17.508146903670326,0.011191844940185547,
12n_874,13,1,26,118,67108864,1.7583370208740234e-06,-19.117356950638158,0.016263246536254883,
12n_875,13,1,26,144,67108864,2.1457672119140625e-06,-18.830074998557688,0.020907878875732422,
12n_877,12,1,24,108,16777216,6.4373016357421875e-06,-17.24511249783653,0.005839824676513672,
12n_878,16,1,32,242,4294967296,5.634501576423645e-08,-24.081136762725407,0.055759429931640625,
12n_879,13,1,26,139,67108864,2.0712614059448242e-06,-18.88105892727649,0.018221616744995117,
12n_882,12,1,24,108,16777216,6.4373016357421875e-06,-17.24511249783653,0.007010221481323242,
12n_887,12,1,24,105,16777216,6.258487701416016e-06,-17.28575448233388,0.0213778018951416,
12n_888,12,1,24,104,16777216,6.198883056640625e-06,-17.29956028185891,0.014478683471679688,
12n_89,13,1,26,132,67108864,1.9669532775878906e-06,-18.955605880641546,0.025860309600830078,
12n_9,12,1,24,111,16777216,6.616115570068359e-06,-17.205584133649893,0.005318641662597656,
12n_90,13,1,26,146,67108864,2.175569534301758e-06,-18.81017544111998,0.01751422882080078,
12n_91,13,1,26,140,67108864,2.086162567138672e-06,-18.870716983055033,0.013763666152954102,
12n_92,13,1,26,144,67108864,2.1457672119140625e-06,-18.830074998557688,0.00554966926574707,
12n_93,14,1,28,188,268435456,7.003545761108398e-07,-20.445411148322364,0.011461496353149414,
12n_97,12,1,24,114,16777216,6.794929504394531e-06,-17.16710998583526,0.0033638477325439453,
12n_98,12,1,24,112,16777216,6.67572021484375e-06,-17.192645077942394,0.012227535247802734,
3_1,3,1,6,6,64,0.09375,-3.415037499278844,6.318092346191406e-05,
4_1,4,1,8,9,256,0.03515625,-4.830074998557688,9.608268737792969e-05,
5_1,5,1,10,13,1024,0.0126953125,-6.299560281858907,0.00015401840209960938,
6_2,6,1,12,18,4096,0.00439453125,-7.830074998557688,0.0002377033233642578,
6_3,6,1,12,18,4096,0.00439453125,-7.830074998557688,0.0002522468566894531,
7_1,7,1,14,31,16384,0.00189208984375,-9.045803689613125,0.0004966259002685547,
7_6,7,1,14,27,16384,0.00164794921875,-9.245112497836532,0.00045943260192871094,
7_7,7,1,14,26,16384,0.0015869140625,-9.29956028185891,0.00037026405334472656,
8_10,8,1,16,38,65536,0.000579833984375,-10.752072486556415,0.0006575584411621094,
8_12,8,1,16,41,65536,0.0006256103515625,-10.642447995381916,0.0008001327514648438,
8_16,8,1,16,34,65536,0.000518798828125,-10.912537158749661,0.0006361007690429688,
8_17,8,1,16,34,65536,0.000518798828125,-10.912537158749661,0.0008878707885742188,
8_18,8,1,16,33,65536,0.0005035400390625,-10.955605880641546,0.0008382797241210938,
8_19,8,1,16,30,65536,0.000457763671875,-11.09310940439148,0.0007407665252685547,
8_2,8,1,16,41,65536,0.0006256103515625,-10.642447995381916,0.0007100105285644531,
8_20,8,1,16,26,65536,0.000396728515625,-11.29956028185891,0.00048041343688964844,
8_21,8,1,16,28,65536,0.00042724609375,-11.192645077942396,0.0008008480072021484,
8_5,8,1,16,38,65536,0.000579833984375,-10.752072486556415,0.0007255077362060547,
8_7,8,1,16,39,65536,0.0005950927734375,-10.714597781137751,0.0005860328674316406,
8_9,8,1,16,37,65536,0.0005645751953125,-10.79054663437105,0.0008447170257568359,
9_1,9,1,18,78,262144,0.00029754638671875,-11.714597781137751,0.0018033981323242188,
9_11,9,1,18,58,262144,0.00022125244140625,-12.142019004872427,0.0010650157928466797,
9_17,9,1,18,56,262144,0.000213623046875,-12.192645077942396,0.0014696121215820312,
9_20,9,1,18,53,262144,0.000202178955078125,-12.272079545436801,0.0015873908996582031,
9_22,9,1,18,54,262144,0.00020599365234375,-12.245112497836532,0.0010726451873779297,
9_24,9,1,18,56,262144,0.000213623046875,-12.192645077942396,0.0014204978942871094,
9_26,9,1,18,53,262144,0.000202178955078125,-12.272079545436801,0.001169443130493164,
9_27,9,1,18,54,262144,0.00020599365234375,-12.245112497836532,0.0017082691192626953,
9_28,9,1,18,55,262144,0.000209808349609375,-12.21864028647534,0.0016913414001464844,
9_29,9,1,18,50,262144,0.00019073486328125,-12.356143810225277,0.0014066696166992188,
9_30,9,1,18,54,262144,0.00020599365234375,-12.245112497836532,0.001238107681274414,
9_31,9,1,18,52,262144,0.0001983642578125,-12.29956028185891,0.0016734600067138672,
9_32,9,1,18,50,262144,0.00019073486328125,-12.356143810225277,0.0010538101196289062,
9_33,9,1,18,50,262144,0.00019073486328125,-12.356143810225277,0.0010440349578857422,
9_34,9,1,18,47,262144,0.000179290771484375,-12.445411148322362,0.0010349750518798828,
9_36,9,1,18,58,262144,0.00022125244140625,-12.142019004872427,0.0011973381042480469,
9_40,9,1,18,44,262144,0.0001678466796875,-12.540568381362704,0.001505136489868164,
9_42,9,1,18,37,262144,0.000141143798828125,-12.79054663437105,0.0006494522094726562,
9_43,9,1,18,43,262144,0.000164031982421875,-12.573735245297902,0.0016264915466308594,
9_44,9,1,18,37,262144,0.000141143798828125,-12.79054663437105,0.001664876937866211,
9_45,9,1,18,38,262144,0.00014495849609375,-12.752072486556415,0.000982046127319336,
9_47,9,1,18,39,262144,0.000148773193359375,-12.714597781137751,0.0011897087097167969,
9_48,11,1,22,54,4194304,1.2874603271484375e-05,-16.24511249783653,0.0050601959228515625,
